date,ticker,y_true_return_t1,y_pred_return_t1
2025-01-17,AAPL,-0.03191578,0.0005927384
2025-01-21,AAPL,0.005345023,0.0028515086
2025-01-22,AAPL,-0.0007595248,0.0017596483
2025-01-23,AAPL,-0.003934566,0.0024695694
2025-01-24,AAPL,0.03178026,0.0012258217
2025-01-27,AAPL,0.036543977,0.00042648613
2025-01-28,AAPL,0.0046168314,0.0016695186
2025-01-29,AAPL,-0.007394758,0.0028096884
2025-01-30,AAPL,-0.0066921595,0.0016408414
2025-01-31,AAPL,-0.03385597,0.0011104867
2025-02-03,AAPL,0.02100785,0.0022734404
2025-02-04,AAPL,-0.0014175009,0.0015128851
2025-02-05,AAPL,0.003226214,0.0005872622
2025-02-06,AAPL,-0.023968762,-7.2680414e-05
2025-02-07,AAPL,0.0011873377,-0.00033762306
2025-02-10,AAPL,0.021831855,0.000645034
2025-02-11,AAPL,0.01827008,0.0014460906
2025-02-12,AAPL,0.0196733,0.0022635832
2025-02-13,AAPL,0.012710621,0.0021502748
2025-02-14,AAPL,-0.00053148763,0.0020835176
2025-02-18,AAPL,0.0016361681,0.0013072863
2025-02-19,AAPL,0.0039204517,0.0015169457
2025-02-20,AAPL,-0.0011389815,-5.6289136e-05
2025-02-21,AAPL,0.006312375,0.00015512854
2025-02-24,AAPL,-0.00024284399,0.0017005801
2025-02-25,AAPL,-0.027040185,0.001246646
2025-02-26,AAPL,-0.012730873,0.00090719014
2025-02-27,AAPL,0.019131904,0.00062000006
2025-02-28,AAPL,-0.01575425,0.0018330663
2025-03-03,AAPL,-0.008822382,0.0024453849
2025-03-04,AAPL,-0.00080529536,0.00069830567
2025-03-05,AAPL,-0.0017391944,0.0013763681
2025-03-06,AAPL,0.015892565,0.0012643114
2025-03-07,AAPL,-0.048479553,0.000973694
2025-03-10,AAPL,-0.029189346,0.0010674223
2025-03-11,AAPL,-0.017478768,-1.6786158e-05
2025-03-12,AAPL,-0.03364361,0.004415445
2025-03-13,AAPL,0.018170584,0.0052582845
2025-03-14,AAPL,0.002388817,0.003317386
2025-03-17,AAPL,-0.006121529,0.005967267
2025-03-18,AAPL,0.011989299,0.002884075
2025-03-19,AAPL,-0.00529637,0.0008034408
2025-03-20,AAPL,0.01947682,0.0017053708
2025-03-21,AAPL,0.011270452,0.00091679394
2025-03-24,AAPL,0.013681912,0.0017695129
2025-03-25,AAPL,-0.009921879,-4.271418e-05
2025-03-26,AAPL,0.010472674,-0.00050164014
2025-03-27,AAPL,-0.026580296,0.00024747849
2025-03-28,AAPL,0.019412618,0.00020148605
2025-03-31,AAPL,0.004771943,0.0011862516
2025-04-01,AAPL,0.0031363287,0.0019723102
2025-04-02,AAPL,-0.09245607,0.000707753
2025-04-03,AAPL,-0.07288743,0.0005803779
2025-04-04,AAPL,-0.03673428,-0.0015975684
2025-04-07,AAPL,-0.049818154,0.008988507
2025-04-08,AAPL,0.15328847,0.017962374
2025-04-09,AAPL,-0.042393725,0.011681944
2025-04-10,AAPL,0.04059437,0.03063576
2025-04-11,AAPL,0.022054076,-0.015479527
2025-04-14,AAPL,-0.0018763676,-0.003126271
2025-04-15,AAPL,-0.03893342,0.0006106347
2025-04-16,AAPL,0.013949666,-0.0007144958
2025-04-17,AAPL,-0.01939289,-0.00047493726
2025-04-21,AAPL,0.03406511,0.0029252246
2025-04-22,AAPL,0.024331689,0.0021939352
2025-04-23,AAPL,0.018426089,0.00322745
2025-04-24,AAPL,0.004367221,0.0036263838
2025-04-25,AAPL,0.0041093756,0.002555333
2025-04-28,AAPL,0.005091822,0.0014785603
2025-04-29,AAPL,0.0061076647,0.0008896813
2025-04-30,AAPL,0.0038588739,0.00069226325
2025-05-01,AAPL,-0.03736174,0.0014469251
2025-05-02,AAPL,-0.0314585,0.0015072152
2025-05-05,AAPL,-0.0019106907,0.003541015
2025-05-06,AAPL,-0.011384764,0.0041758344
2025-05-07,AAPL,0.006318533,0.003879942
2025-05-08,AAPL,0.005266088,0.002994515
2025-05-09,AAPL,0.06314617,0.002037637
2025-05-12,AAPL,0.01015228,0.0005643144
2025-05-13,AAPL,-0.0028178259,0.003827989
2025-05-14,AAPL,-0.00414447,0.004692264
2025-05-15,AAPL,-0.0008985775,0.002059333
2025-05-16,AAPL,-0.011739087,0.0009974912
2025-05-19,AAPL,-0.009196248,0.0015443042
2025-05-20,AAPL,-0.023059122,0.0015321597
2025-05-21,AAPL,-0.0036122487,0.0016987398
2025-05-22,AAPL,-0.03024428,0.003017448
2025-05-23,AAPL,0.025298318,0.0030014887
2025-05-27,AAPL,0.0010488254,0.0031042919
2025-05-28,AAPL,-0.0023450751,0.0031545684
2025-05-29,AAPL,0.0045011607,0.00091517717
2025-05-30,AAPL,0.0042319796,0.0006182566
2025-06-02,AAPL,0.0077838465,0.0013318583
2025-06-03,AAPL,-0.0022137465,-0.0005516857
2025-06-04,AAPL,-0.010797741,0.00029942393
2025-06-05,AAPL,0.016398268,0.0005283728
2025-06-06,AAPL,-0.012112563,0.0014368817
2025-06-09,AAPL,0.0060560717,0.00063896924
2025-06-10,AAPL,-0.019193761,0.0016565397
2025-06-11,AAPL,0.002112895,0.0005957261
2025-06-12,AAPL,-0.013805244,0.00070913136
2025-06-13,AAPL,0.010028032,0.00042047352
2025-06-16,AAPL,-0.014010719,0.00085616857
2025-06-17,AAPL,0.004804743,0.00088157505
2025-06-18,AAPL,0.022484506,0.00018887222
2025-06-20,AAPL,0.0024875733,0.0012196675
2025-06-23,AAPL,-0.0059553315,0.0020015761
2025-06-24,AAPL,0.006290583,0.0006194189
2025-06-25,AAPL,-0.0027783627,0.00013836473
2025-06-26,AAPL,0.0003980148,-0.00059475005
2025-06-27,AAPL,0.020340133,0.0005320981
2025-06-30,AAPL,0.012916154,0.0015241876
2025-07-01,AAPL,0.02223077,0.001041539
2025-07-02,AAPL,0.005225041,0.0005830303
2025-07-03,AAPL,-0.016857939,-0.00012260675
2025-07-07,AAPL,0.00028580398,-0.0011113212
2025-07-08,AAPL,0.0053807157,0.000699766
2025-07-09,AAPL,0.00601494,0.00057851523
2025-07-10,AAPL,-0.005884836,0.00093563646
2025-07-11,AAPL,-0.012028812,0.0007611215
2025-07-14,AAPL,0.0023488242,0.0005794391
2025-07-15,AAPL,0.0050212955,0.0008503124
2025-07-16,AAPL,-0.00066618534,0.0013646558
2025-07-17,AAPL,0.005523241,0.0014836043
2025-07-18,AAPL,0.0061558704,0.001184009
2025-07-21,AAPL,0.009036182,0.00090750307
2025-07-22,AAPL,-0.0011660856,0.0007478595
2025-07-23,AAPL,-0.0018211488,0.0003202334
2025-07-24,AAPL,0.0005614198,0.00043403357
2025-07-25,AAPL,0.0007948746,0.00043772906
2025-07-28,AAPL,-0.012987652,0.00022742897
2025-07-29,AAPL,-0.010507882,0.00029925257
2025-07-30,AAPL,-0.0070796222,0.0014914051
2025-07-31,AAPL,-0.025003593,0.001577206
2025-08-01,AAPL,0.0047929743,0.0030333996
2025-08-04,AAPL,-0.0021146908,0.0031647012
2025-08-05,AAPL,0.050906807,0.0025345013
2025-08-06,AAPL,0.031793643,-0.00035951287
2025-08-07,AAPL,0.04235792,0.0017532334
2025-08-08,AAPL,-0.008337417,0.00385613
2025-08-11,AAPL,0.010872441,0.004304774
2025-08-12,AAPL,0.01602442,0.0029452518
2025-08-13,AAPL,-0.0023571895,0.00014229864
2025-08-14,AAPL,-0.0051121335,0.00022812933
2025-08-15,AAPL,-0.00302257,0.000608176
2025-08-18,AAPL,-0.00142926,0.0010641292
2025-08-19,AAPL,-0.019734573,9.011477e-05
2025-08-20,AAPL,-0.00491129,0.000597693
2025-08-21,AAPL,0.012716766,0.0011594668
2025-08-22,AAPL,-0.0026343118,0.0010856017
2025-08-25,AAPL,0.009464667,0.0018237904
2025-08-26,AAPL,0.005145907,0.0008311346
2025-08-27,AAPL,0.008980832,0.0016926453
2025-08-28,AAPL,-0.0018059777,0.00027409196
2025-08-29,AAPL,-0.010424736,0.00065129995
2025-09-02,AAPL,0.03808985,0.0009505227
2025-09-03,AAPL,0.0054933433,0.0013623089
2025-09-04,AAPL,-0.0003753288,0.0006746277
2025-09-05,AAPL,-0.0075514102,0.0012318268
2025-09-08,AAPL,-0.01483941,0.0011119321
2025-09-09,AAPL,-0.032259494,-0.003246136
2025-09-10,AAPL,0.014286369,-0.009717062
2025-09-11,AAPL,0.017562963,-0.004243754
2025-09-12,AAPL,0.0112359105,-6.567687e-05
2025-09-15,AAPL,0.006125885,-0.0010622218
2025-09-16,AAPL,0.0035272376,-0.0076493546
2025-09-17,AAPL,-0.004644548,-0.0017095879
2025-09-18,AAPL,0.032032937,-0.012074806
2025-09-19,AAPL,0.043095667,-0.012177236
2025-09-22,AAPL,-0.0064432756,-0.018685453
2025-09-23,AAPL,-0.008332332,-0.019537546
2025-09-24,AAPL,0.018072996,-0.026432283
2025-09-25,AAPL,-0.005489113,-0.0155639425
2025-09-26,AAPL,-0.004031997,-0.0020852163
2025-09-29,AAPL,0.00078611885,-0.014423311
2025-09-30,AAPL,0.0032203277,-0.00027564913
2025-10-01,AAPL,0.0065766606,-0.011470988
2025-10-02,AAPL,0.0034612224,-0.0057729483
2025-01-17,AMZN,0.021111818,0.0012995824
2025-01-21,AMZN,0.018638063,0.0013618097
2025-01-22,AMZN,0.0017446222,0.0017753094
2025-01-23,AMZN,-0.002421171,0.0019154698
2025-01-24,AMZN,0.0024270474,0.0010108575
2025-01-27,AMZN,0.011596278,0.0008265525
2025-01-28,AMZN,-0.0045349007,0.0020462647
2025-01-29,AMZN,-0.01025017,0.0012106821
2025-01-30,AMZN,0.012955989,0.00026056916
2025-01-31,AMZN,-0.0010938847,0.0011719689
2025-02-03,AMZN,0.019543422,0.0012872443
2025-02-04,AMZN,-0.024332808,0.0015017688
2025-02-05,AMZN,0.011263089,0.0006218776
2025-02-06,AMZN,-0.040530954,0.0014965013
2025-02-07,AMZN,0.0174122,0.002077572
2025-02-10,AMZN,-0.0016299429,0.0020703152
2025-02-11,AMZN,-0.016454726,0.0016016066
2025-02-12,AMZN,0.0062901434,-0.00027460605
2025-02-13,AMZN,-0.0073360354,0.0006578192
2025-02-14,AMZN,-0.008877029,0.001663357
2025-02-18,AMZN,-8.8193316e-05,0.0012382492
2025-02-19,AMZN,-0.016546793,0.0025385097
2025-02-20,AMZN,-0.028266344,0.001550749
2025-02-21,AMZN,-0.017868664,0.0013015047
2025-02-24,AMZN,0.00042309405,0.0036120415
2025-02-25,AMZN,0.0072838487,0.004293278
2025-02-26,AMZN,-0.02617215,0.0049712136
2025-02-27,AMZN,0.016958864,0.0027548224
2025-02-28,AMZN,-0.034200087,5.7943165e-05
2025-03-03,AMZN,-0.0059506446,0.0021630824
2025-03-04,AMZN,0.022374865,-0.00073388964
2025-03-05,AMZN,-0.03676331,0.0031702965
2025-03-06,AMZN,-0.0072246986,0.0027297512
2025-03-07,AMZN,-0.023638679,-0.00029248744
2025-03-10,AMZN,0.010537695,0.0031012222
2025-03-11,AMZN,0.011699492,0.0029938966
2025-03-12,AMZN,-0.025139524,0.0036978647
2025-03-13,AMZN,0.020939695,0.002346471
2025-03-14,AMZN,-0.011164392,-0.00029624254
2025-03-17,AMZN,-0.014917738,0.001024507
2025-03-18,AMZN,0.014106347,0.0011991933
2025-03-19,AMZN,-0.0030172667,0.0010948852
2025-03-20,AMZN,0.006463246,0.0015445948
2025-03-21,AMZN,0.035930827,0.0012373999
2025-03-24,AMZN,0.0120535875,0.0019069687
2025-03-25,AMZN,-0.022264361,0.0010387823
2025-03-26,AMZN,0.0011435178,0.001405552
2025-03-27,AMZN,-0.04290822,0.0012142137
2025-03-28,AMZN,-0.012764667,0.0007715747
2025-03-31,AMZN,0.010038913,0.003190957
2025-04-01,AMZN,0.019982288,0.0068076476
2025-04-02,AMZN,-0.08979129,0.00493782
2025-04-03,AMZN,-0.041533567,0.0038976893
2025-04-04,AMZN,0.02491225,-0.006101601
2025-04-07,AMZN,-0.026246667,0.008216895
2025-04-08,AMZN,0.11977032,0.013342813
2025-04-09,AMZN,-0.051700704,0.0028948411
2025-04-10,AMZN,0.02014123,0.016657293
2025-04-11,AMZN,-0.014875318,-0.010280021
2025-04-14,AMZN,-0.0138919335,-0.0036713034
2025-04-15,AMZN,-0.029288907,-0.0017127693
2025-04-16,AMZN,-0.009866352,0.0014738217
2025-04-17,AMZN,-0.030647084,0.0038533583
2025-04-21,AMZN,0.03502262,0.005968146
2025-04-22,AMZN,0.042845674,0.00492052
2025-04-23,AMZN,0.032890294,0.006886095
2025-04-24,AMZN,0.0131339785,0.007377796
2025-04-25,AMZN,-0.006825803,0.006167017
2025-04-28,AMZN,-0.0016515587,0.0039283186
2025-04-29,AMZN,-0.015849305,0.0022049025
2025-04-30,AMZN,0.031341497,0.0020505711
2025-05-01,AMZN,-0.0011566837,0.0035502687
2025-05-02,AMZN,-0.01910722,0.001863949
2025-05-05,AMZN,-0.007190832,0.0021544918
2025-05-06,AMZN,0.019998986,-0.00084208697
2025-05-07,AMZN,0.017858062,-0.00018393248
2025-05-08,AMZN,0.0051020184,0.0011001155
2025-05-09,AMZN,0.08070031,0.0015892461
2025-05-12,AMZN,0.013084719,0.00092535466
2025-05-13,AMZN,-0.005298742,0.0022816882
2025-05-14,AMZN,-0.02416172,0.006543033
2025-05-15,AMZN,0.002047074,0.002788812
2025-05-16,AMZN,0.002772544,0.004000105
2025-05-19,AMZN,-0.01013774,0.0025771037
2025-05-20,AMZN,-0.014455883,0.0015491098
2025-05-21,AMZN,0.009844923,0.0012883618
2025-05-22,AMZN,-0.010388974,0.0028167218
2025-05-23,AMZN,0.025026115,0.0026471242
2025-05-27,AMZN,-0.0063100816,0.0015133321
2025-05-28,AMZN,0.0047870055,0.0012358502
2025-05-29,AMZN,-0.0033544116,0.00071328133
2025-05-30,AMZN,0.007999607,0.0010282844
2025-06-02,AMZN,-0.004548692,0.0020337403
2025-06-03,AMZN,0.007388989,0.00032162666
2025-06-04,AMZN,0.0032814166,0.0007949397
2025-06-05,AMZN,0.027223336,0.0006106794
2025-06-06,AMZN,0.015966607,0.0017931536
2025-06-09,AMZN,0.002903516,0.000664033
2025-06-10,AMZN,-0.02026563,0.001230605
2025-06-11,AMZN,0.00018765734,0.00088817626
2025-06-12,AMZN,-0.005346086,0.0018738881
2025-06-13,AMZN,0.018859029,0.0009742677
2025-06-16,AMZN,-0.005923178,0.0014269873
2025-06-17,AMZN,-0.010706652,0.0014745519
2025-06-18,AMZN,-0.013316402,0.0015921146
2025-06-20,AMZN,-0.0058181183,0.002257377
2025-06-23,AMZN,0.020626483,0.0036928728
2025-06-24,AMZN,-0.0036659245,0.0013791546
2025-06-25,AMZN,0.024199205,0.0010714307
2025-06-26,AMZN,0.02846356,0.00035218894
2025-06-27,AMZN,-0.017510092,0.0009077266
2025-06-30,AMZN,0.004877193,0.0018675551
2025-07-01,AMZN,-0.0024494627,0.000578776
2025-07-02,AMZN,0.015869433,-0.001038976
2025-07-03,AMZN,0.0002685536,-0.00090190023
2025-07-07,AMZN,-0.018391734,-0.00032424182
2025-07-08,AMZN,0.014496684,0.001222223
2025-07-09,AMZN,-0.0012581954,0.0021597147
2025-07-10,AMZN,0.012417933,0.0012166128
2025-07-11,AMZN,0.0029775049,0.00063151866
2025-07-14,AMZN,0.0029243815,0.0013708547
2025-07-15,AMZN,-0.013960696,0.00065856427
2025-07-16,AMZN,0.0030915472,0.00050742924
2025-07-17,AMZN,0.010050027,0.0011913329
2025-07-18,AMZN,0.014018477,0.0007991567
2025-07-21,AMZN,-0.007980819,0.0011198372
2025-07-22,AMZN,0.003604836,0.0012366772
2025-07-23,AMZN,0.017258761,0.0011039302
2025-07-24,AMZN,-0.0034017712,0.00010500103
2025-07-25,AMZN,0.0058330055,0.00079029053
2025-07-28,AMZN,-0.0076463716,0.00048343092
2025-07-29,AMZN,-0.0035495956,0.0002418384
2025-07-30,AMZN,0.017029403,0.0014263168
2025-07-31,AMZN,-0.08269617,0.0015327558
2025-08-01,AMZN,-0.014435418,0.0022284314
2025-08-04,AMZN,0.00992207,-0.0017649308
2025-08-05,AMZN,0.040046774,0.0071816817
2025-08-06,AMZN,0.003688576,0.006215729
2025-08-07,AMZN,-0.0019719554,0.0067661926
2025-08-08,AMZN,-0.006241858,0.0029089078
2025-08-11,AMZN,0.0007681797,0.00046877563
2025-08-12,AMZN,0.0139522115,0.00037240237
2025-08-13,AMZN,0.028589234,0.0014220998
2025-08-14,AMZN,0.00021648218,0.0015563145
2025-08-15,AMZN,0.0019911125,0.0021544471
2025-08-18,AMZN,-0.015033094,0.0014750138
2025-08-19,AMZN,-0.018420232,-0.00030267984
2025-08-20,AMZN,-0.0083106235,0.000897713
2025-08-21,AMZN,0.031043025,0.0024102926
2025-08-22,AMZN,-0.0039328523,0.0028476492
2025-08-25,AMZN,0.0033781007,0.0027114376
2025-08-26,AMZN,0.0017926125,0.0011100844
2025-08-27,AMZN,0.01082407,0.0011216924
2025-08-28,AMZN,-0.011226278,0.0008338541
2025-08-29,AMZN,-0.01598255,0.0016174242
2025-09-02,AMZN,0.0028845707,0.0013155341
2025-09-03,AMZN,0.042877946,0.0026808456
2025-09-04,AMZN,-0.014214151,0.0021086931
2025-09-05,AMZN,0.015107797,0.00223995
2025-09-08,AMZN,0.0101764295,0.0014110878
2025-09-09,AMZN,-0.03320183,-0.0058836266
2025-09-10,AMZN,-0.0016498279,-0.006718464
2025-09-11,AMZN,-0.007827802,-0.0036064908
2025-09-12,AMZN,0.014376502,-0.0060703307
2025-09-15,AMZN,0.011320963,0.0018957704
2025-09-16,AMZN,-0.010382431,0.0011387989
2025-09-17,AMZN,-0.0016837898,-0.005037345
2025-09-18,AMZN,0.0010811746,-0.0050880834
2025-09-19,AMZN,-0.016632067,-0.0067694485
2025-09-22,AMZN,-0.030400202,-0.008256085
2025-09-23,AMZN,-0.002265416,-0.009712659
2025-09-24,AMZN,-0.009354765,0.0039411336
2025-09-25,AMZN,0.0074719456,-0.005077444
2025-09-26,AMZN,0.010874508,-0.007135831
2025-09-29,AMZN,-0.011702709,-0.004110962
2025-09-30,AMZN,0.0048276065,-0.013991132
2025-10-01,AMZN,0.0080678,-0.015445732
2025-10-02,AMZN,-0.013039023,-0.00787054
2025-01-17,GOOGL,0.010459245,0.0016460791
2025-01-21,GOOGL,0.0016157249,0.0016155839
2025-01-22,GOOGL,-0.0019660245,0.0018525571
2025-01-23,GOOGL,0.011263813,0.0014169738
2025-01-24,GOOGL,-0.041955985,0.0013767779
2025-01-27,GOOGL,0.018195137,0.00079033524
2025-01-28,GOOGL,0.0005631942,0.0027753264
2025-01-29,GOOGL,0.027941192,0.0023621395
2025-01-30,GOOGL,0.015681894,0.0011257455
2025-01-31,GOOGL,-0.013675259,0.0017399192
2025-02-03,GOOGL,0.025592713,0.0027678683
2025-02-04,GOOGL,-0.07292368,0.0021057054
2025-02-05,GOOGL,0.0014111567,0.00093143433
2025-02-06,GOOGL,-0.032672297,0.00063753873
2025-02-07,GOOGL,0.0060969833,0.004795097
2025-02-10,GOOGL,-0.0061671715,0.004423499
2025-02-11,GOOGL,-0.009227332,0.004765585
2025-02-12,GOOGL,0.013779182,0.003021188
2025-02-13,GOOGL,-0.0048888787,0.002782002
2025-02-14,GOOGL,-0.007882124,0.0032972395
2025-02-18,GOOGL,0.0081624985,0.002387032
2025-02-19,GOOGL,-0.003832298,0.0028800294
2025-02-20,GOOGL,-0.026549643,0.0017105564
2025-02-21,GOOGL,-0.002282136,0.001397714
2025-02-24,GOOGL,-0.021366788,0.0030620173
2025-02-25,GOOGL,-0.015334629,0.0035745874
2025-02-26,GOOGL,-0.02448905,0.0038805157
2025-02-27,GOOGL,0.010563708,0.003948115
2025-02-28,GOOGL,-0.019203547,0.004074268
2025-03-03,GOOGL,0.023411766,0.005207531
2025-03-04,GOOGL,0.012286416,0.0021042079
2025-03-05,GOOGL,-0.0038723466,0.0029696152
2025-03-06,GOOGL,0.008761261,0.0016666874
2025-03-07,GOOGL,-0.04485781,0.00069398433
2025-03-10,GOOGL,-0.011032753,0.0005861446
2025-03-11,GOOGL,0.01871498,0.0017250702
2025-03-12,GOOGL,-0.026030717,0.0049834773
2025-03-13,GOOGL,0.016773138,0.0039949566
2025-03-14,GOOGL,-0.0072512934,0.0015569404
2025-03-17,GOOGL,-0.022034142,0.002651468
2025-03-18,GOOGL,0.020041134,0.00196103
2025-03-19,GOOGL,-0.006650792,0.0026520342
2025-03-20,GOOGL,0.007309588,0.0026465878
2025-03-21,GOOGL,0.022501316,0.0013064295
2025-03-24,GOOGL,0.017175572,0.0018385872
2025-03-25,GOOGL,-0.032246765,0.0012562796
2025-03-26,GOOGL,-0.017084595,0.0011791587
2025-03-27,GOOGL,-0.048754904,0.0015623346
2025-03-28,GOOGL,0.0020086367,0.002628021
2025-03-31,GOOGL,0.015713938,0.005583167
2025-04-01,GOOGL,-0.00019110006,0.009486608
2025-04-02,GOOGL,-0.040244427,0.0063616782
2025-04-03,GOOGL,-0.033970263,0.0028185323
2025-04-04,GOOGL,0.007898246,0.0018395483
2025-04-07,GOOGL,-0.01396929,0.0061421245
2025-04-08,GOOGL,0.09682104,0.00864052
2025-04-09,GOOGL,-0.037111733,0.004135728
2025-04-10,GOOGL,0.0282686,0.010865003
2025-04-11,GOOGL,0.012282074,-0.0028230622
2025-04-14,GOOGL,-0.017350925,-0.0016075149
2025-04-15,GOOGL,-0.019064695,6.132573e-05
2025-04-16,GOOGL,-0.014152458,0.0011203215
2025-04-17,GOOGL,-0.023088124,0.0030413866
2025-04-21,GOOGL,0.02573301,0.0052803233
2025-04-22,GOOGL,0.025615707,0.0050446466
2025-04-23,GOOGL,0.025297597,0.005384527
2025-04-24,GOOGL,0.016825875,0.0047426075
2025-04-25,GOOGL,-0.008335423,0.0037681237
2025-04-28,GOOGL,-0.0028017971,0.0029599965
2025-04-29,GOOGL,-0.008491542,0.00082506984
2025-04-30,GOOGL,0.015743008,0.00043795258
2025-05-01,GOOGL,0.016925054,0.0021247938
2025-05-02,GOOGL,0.0010973893,0.0013678223
2025-05-05,GOOGL,-0.0059681255,0.0011153743
2025-05-06,GOOGL,-0.07259682,0.0011205003
2025-05-07,GOOGL,0.01915709,0.001225993
2025-05-08,GOOGL,-0.009917098,0.0059100613
2025-05-09,GOOGL,0.037381332,0.008092396
2025-05-12,GOOGL,0.006752479,0.0026210994
2025-05-13,GOOGL,0.03660755,0.004024416
2025-05-14,GOOGL,-0.008526283,0.002804689
2025-05-15,GOOGL,0.013600865,0.0024677888
2025-05-16,GOOGL,0.002105987,0.001632154
2025-05-19,GOOGL,-0.015371631,0.0010681823
2025-05-20,GOOGL,0.02793023,0.00090748817
2025-05-21,GOOGL,0.0137043195,0.002943717
2025-05-22,GOOGL,-0.01404578,0.0016014501
2025-05-23,GOOGL,0.026295453,0.0018231496
2025-05-27,GOOGL,-0.003123187,-0.0004754588
2025-05-28,GOOGL,-0.0029008933,-0.0008269325
2025-05-29,GOOGL,-0.0006981723,0.00049432367
2025-05-30,GOOGL,-0.015779728,0.0004298836
2025-06-02,GOOGL,-0.016860906,0.00218869
2025-06-03,GOOGL,0.011252789,0.0018212423
2025-06-04,GOOGL,0.0009522139,0.003025949
2025-06-05,GOOGL,0.032518737,0.0017586723
2025-06-06,GOOGL,0.015103576,0.0018496588
2025-06-09,GOOGL,0.0142541295,0.0016028509
2025-06-10,GOOGL,-0.006998897,0.001758948
2025-06-11,GOOGL,-0.009303656,0.0021795928
2025-06-12,GOOGL,-0.005862286,0.00060243905
2025-06-13,GOOGL,0.012022705,-0.00037365407
2025-06-16,GOOGL,-0.0046388395,0.0014716014
2025-06-17,GOOGL,-0.014947371,0.0016050413
2025-06-18,GOOGL,-0.03854149,0.0016754791
2025-06-20,GOOGL,-0.008701366,0.0022383556
2025-06-23,GOOGL,0.009564804,0.005705826
2025-06-24,GOOGL,0.02344539,0.0068065077
2025-06-25,GOOGL,0.016756462,0.0044238046
2025-06-26,GOOGL,0.02875423,0.0029890612
2025-06-27,GOOGL,-0.01288298,0.0020844564
2025-06-30,GOOGL,-0.0022130862,0.0022844598
2025-07-01,GOOGL,0.015923582,0.0015211478
2025-07-02,GOOGL,0.004982094,-0.00063905865
2025-07-03,GOOGL,-0.015262058,-0.0009950623
2025-07-07,GOOGL,-0.013745107,-0.00034242123
2025-07-08,GOOGL,0.0129616875,0.0019613877
2025-07-09,GOOGL,0.005661835,0.0032272562
2025-07-10,GOOGL,0.0144691765,0.0027263537
2025-07-11,GOOGL,0.007602993,0.001271002
2025-07-14,GOOGL,0.0024235195,0.0012323782
2025-07-15,GOOGL,0.0053296606,0.0010844767
2025-07-16,GOOGL,0.00333386,0.0010311082
2025-07-17,GOOGL,0.00806183,0.0008278936
2025-07-18,GOOGL,0.02723447,0.0008232221
2025-07-21,GOOGL,0.006522881,0.0008761212
2025-07-22,GOOGL,-0.0058011953,0.0006824732
2025-07-23,GOOGL,0.010198163,0.001608491
2025-07-24,GOOGL,0.005255746,0.0021400526
2025-07-25,GOOGL,-0.003105875,0.0014118925
2025-07-28,GOOGL,0.016460653,-0.00038971752
2025-07-29,GOOGL,0.0039847214,-0.00014328212
2025-07-30,GOOGL,-0.02355878,-0.00010148436
2025-07-31,GOOGL,-0.014434562,0.00016438216
2025-08-01,GOOGL,0.031248294,0.0021052882
2025-08-04,GOOGL,-0.0018969958,0.0018970892
2025-08-05,GOOGL,0.00729432,0.0013163611
2025-08-06,GOOGL,0.0021929254,0.0013003498
2025-08-07,GOOGL,0.024933815,0.00021861494
2025-08-08,GOOGL,-0.0020851556,0.0010095835
2025-08-11,GOOGL,0.011641775,0.0011752769
2025-08-12,GOOGL,-0.006786598,0.0011794567
2025-08-13,GOOGL,0.0048523787,0.000859268
2025-08-14,GOOGL,0.0047304365,0.0013323352
2025-08-15,GOOGL,-0.001961673,0.00087825954
2025-08-18,GOOGL,-0.009483995,0.0016402304
2025-08-19,GOOGL,-0.011162433,0.00016138703
2025-08-20,GOOGL,0.0021573121,0.0013815686
2025-08-21,GOOGL,0.03173968,0.0024762154
2025-08-22,GOOGL,0.011645409,0.0017173439
2025-08-25,GOOGL,-0.0064751646,0.0021150187
2025-08-26,GOOGL,0.0016413778,0.0021979883
2025-08-27,GOOGL,0.02005019,0.0014539957
2025-08-28,GOOGL,0.006000731,0.00047695637
2025-08-29,GOOGL,-0.007326982,0.00075000525
2025-09-02,GOOGL,0.09136501,0.0018644705
2025-09-03,GOOGL,0.0071100323,0.0022967234
2025-09-04,GOOGL,0.0116228955,0.0010291561
2025-09-05,GOOGL,-0.0031944087,0.0045518205
2025-09-08,GOOGL,0.023884857,0.0015389994
2025-09-09,GOOGL,-0.0019196541,-0.0018006489
2025-09-10,GOOGL,0.005017339,0.0010104254
2025-09-11,GOOGL,0.0017889418,-0.012665525
2025-09-12,GOOGL,0.044892017,-0.00740052
2025-09-15,GOOGL,-0.0017884701,-0.00055898726
2025-09-16,GOOGL,-0.0064899065,-0.005487375
2025-09-17,GOOGL,0.010018836,-0.007558711
2025-09-18,GOOGL,0.010673342,-0.0045487955
2025-09-19,GOOGL,-0.008597685,-0.008767076
2025-09-22,GOOGL,-0.0034451159,-0.011451371
2025-09-23,GOOGL,-0.017960757,-0.0008435175
2025-09-24,GOOGL,-0.0054625156,0.0012739375
2025-09-25,GOOGL,0.0030513855,-0.004958011
2025-09-26,GOOGL,-0.010099742,-0.002213277
2025-09-29,GOOGL,-0.0038926324,0.002493389
2025-09-30,GOOGL,0.00740431,-0.004891038
2025-10-01,GOOGL,0.0032258413,0.00811775
2025-10-02,GOOGL,-0.0013838428,-0.002105005
2025-01-17,JNJ,0.007617556,0.001524359
2025-01-21,JNJ,-0.019439707,0.0024497807
2025-01-22,JNJ,0.009430638,0.0016280562
2025-01-23,JNJ,0.0012275194,0.0031912997
2025-01-24,JNJ,0.041343156,0.001958236
2025-01-27,JNJ,-0.016417032,0.001810886
2025-01-28,JNJ,0.0051203845,0.00144317
2025-01-29,JNJ,0.011379285,0.0017955825
2025-01-30,JNJ,-0.0047098724,0.0003819391
2025-01-31,JNJ,-0.0018401762,0.0012389645
2025-02-03,JNJ,0.010667016,0.0020875186
2025-02-04,JNJ,0.007818112,0.0019301474
2025-02-05,JNJ,-0.007628159,0.002342105
2025-02-06,JNJ,-0.0025406166,0.002348207
2025-02-07,JNJ,0.007314585,0.0020404905
2025-02-10,JNJ,0.012253611,0.0018124282
2025-02-11,JNJ,-0.0055723693,0.0020440593
2025-02-12,JNJ,0.01281726,0.0022065565
2025-02-13,JNJ,-0.0069951764,0.0024359226
2025-02-14,JNJ,0.0005164852,0.0017744452
2025-02-18,JNJ,0.018710798,0.0012400001
2025-02-19,JNJ,0.01133693,0.0020350143
2025-02-20,JNJ,0.016407883,0.0015702844
2025-02-21,JNJ,0.008872471,0.0018489733
2025-02-24,JNJ,0.014351942,0.0017673448
2025-02-25,JNJ,-0.01812257,0.0015504509
2025-02-26,JNJ,0.003985626,0.001105614
2025-02-27,JNJ,0.007878915,0.0020025
2025-02-28,JNJ,0.013695276,0.001203008
2025-03-03,JNJ,-0.011119067,0.0019130483
2025-03-04,JNJ,-0.0018135993,0.0016923249
2025-03-05,JNJ,0.0042999145,0.0026876628
2025-03-06,JNJ,0.0051861554,0.0016869679
2025-03-07,JNJ,0.0060590096,0.0017606914
2025-03-10,JNJ,-0.010971969,0.0022113398
2025-03-11,JNJ,-0.018147795,0.0026397035
2025-03-12,JNJ,0.0008598044,0.001318641
2025-03-13,JNJ,-0.0011044588,0.0012468472
2025-03-14,JNJ,0.00018424825,0.0020046383
2025-03-17,JNJ,0.008658834,0.0030786693
2025-03-18,JNJ,-0.007671149,0.0033347681
2025-03-19,JNJ,0.00018394964,0.003112331
2025-03-20,JNJ,0.0037419356,0.0024353787
2025-03-21,JNJ,-0.0020779667,0.0025503486
2025-03-24,JNJ,-0.013901609,0.0030608028
2025-03-25,JNJ,0.004347303,0.0014518425
2025-03-26,JNJ,0.008718802,0.0014278814
2025-03-27,JNJ,0.0035554303,0.0021624193
2025-03-28,JNJ,0.0130108455,0.002424702
2025-03-31,JNJ,-0.07591656,0.0023439825
2025-04-01,JNJ,0.013768298,0.0023222268
2025-04-02,JNJ,0.02870758,0.00062640756
2025-04-03,JNJ,-0.04117132,0.0063104033
2025-04-04,JNJ,-0.017097432,0.0055267587
2025-04-07,JNJ,-0.0041162795,0.001236774
2025-04-08,JNJ,0.006466739,0.0044622496
2025-04-09,JNJ,-0.015102392,0.005167924
2025-04-10,JNJ,0.020445157,0.0057125688
2025-04-11,JNJ,0.017333485,0.003460236
2025-04-14,JNJ,-0.004794084,0.0032108277
2025-04-15,JNJ,0.001887918,0.0031201541
2025-04-16,JNJ,0.023130354,0.0024622753
2025-04-17,JNJ,-0.0034928266,0.001244396
2025-04-21,JNJ,0.0052893655,0.0011816472
2025-04-22,JNJ,-0.015023679,0.0012552813
2025-04-23,JNJ,-0.002896279,0.0014359578
2025-04-24,JNJ,-0.0022589937,0.002681233
2025-04-25,JNJ,0.004981319,0.0028105602
2025-04-28,JNJ,0.0036046572,0.0031645447
2025-04-29,JNJ,0.0025655641,0.0025287569
2025-04-30,JNJ,-0.011835345,0.002471067
2025-05-01,JNJ,0.010747011,0.0029750764
2025-05-02,JNJ,-0.007173957,0.0022812113
2025-05-05,JNJ,-0.0034193653,0.0018338189
2025-05-06,JNJ,0.018320763,0.0020414367
2025-05-07,JNJ,-0.010425941,0.0028446391
2025-05-08,JNJ,-0.0092509445,0.0022902638
2025-05-09,JNJ,-0.0005186955,0.0023484528
2025-05-12,JNJ,-0.03697935,0.0019227862
2025-05-13,JNJ,-0.014012461,0.0028742477
2025-05-14,JNJ,0.022205546,0.003050208
2025-05-15,JNJ,0.011496619,0.0059220195
2025-05-16,JNJ,0.0076653315,0.0059772283
2025-05-19,JNJ,0.007672594,0.004532449
2025-05-20,JNJ,-0.0031238177,0.0035545155
2025-05-21,JNJ,-0.0037211007,0.0016700253
2025-05-22,JNJ,0.0021623946,0.0014098808
2025-05-23,JNJ,0.010617238,0.0017741099
2025-05-27,JNJ,-0.0053508403,0.0019872263
2025-05-28,JNJ,0.0075445245,0.0021649525
2025-05-29,JNJ,0.010613431,0.0027494356
2025-05-30,JNJ,0.0012240381,0.0019358024
2025-06-02,JNJ,-0.006306277,0.0021443814
2025-06-03,JNJ,-0.0077709984,0.00081878155
2025-06-04,JNJ,0.0028717155,0.0014884248
2025-06-05,JNJ,0.008915778,0.0017333478
2025-06-06,JNJ,0.0012900041,0.0019854084
2025-06-09,JNJ,0.0078593725,0.0025027245
2025-06-10,JNJ,-0.0076063056,0.0027187914
2025-06-11,JNJ,0.009017147,0.0024886206
2025-06-12,JNJ,0.0028086572,0.0023003072
2025-06-13,JNJ,-0.011966908,0.002021931
2025-06-16,JNJ,-0.018296607,0.0020322278
2025-06-17,JNJ,-0.010828246,0.002301149
2025-06-18,JNJ,-0.0062363213,0.0025567785
2025-06-20,JNJ,0.010214357,0.0043331236
2025-06-23,JNJ,0.005749419,0.0060523152
2025-06-24,JNJ,0.0005913396,0.003412746
2025-06-25,JNJ,-0.0017730712,0.0028296262
2025-06-26,JNJ,0.002631468,0.0017977282
2025-06-27,JNJ,0.002230837,0.0017329082
2025-06-30,JNJ,0.02075283,0.002211623
2025-07-01,JNJ,-0.0023088716,0.0020539463
2025-07-02,JNJ,0.0028927438,0.0016393885
2025-07-03,JNJ,-0.00474326,0.0010222718
2025-07-07,JNJ,0.0033489652,0.00069039315
2025-07-08,JNJ,0.0031452945,0.002410531
2025-07-09,JNJ,0.009022225,0.0024962276
2025-07-10,JNJ,-0.0050098114,0.0024910122
2025-07-11,JNJ,-0.00050981255,0.002349563
2025-07-14,JNJ,-0.010521669,0.0026505962
2025-07-15,JNJ,0.06193209,0.002545692
2025-07-16,JNJ,-0.0109237265,0.0018704236
2025-07-17,JNJ,0.0044177114,0.0008837506
2025-07-18,JNJ,0.0040318044,0.0019497424
2025-07-21,JNJ,0.02172064,0.00039048493
2025-07-22,JNJ,0.0069672433,0.00087220967
2025-07-23,JNJ,0.0027202026,0.001397647
2025-07-24,JNJ,-0.0074309376,0.0026949123
2025-07-25,JNJ,-0.012358919,0.0017745569
2025-07-28,JNJ,0.011370519,0.0020067096
2025-07-29,JNJ,-0.0050563323,0.0030637234
2025-07-30,JNJ,-0.015066243,0.0030525997
2025-07-31,JNJ,0.015721703,0.0025298074
2025-08-01,JNJ,0.022171672,0.0036847293
2025-08-04,JNJ,-0.0017538375,0.0029500574
2025-08-05,JNJ,-0.00087863946,0.0026277602
2025-08-06,JNJ,0.005510292,0.0018194318
2025-08-07,JNJ,0.01049386,0.0014758855
2025-08-08,JNJ,0.0028270087,0.0015105158
2025-08-11,JNJ,-0.0059833066,0.0014532804
2025-08-12,JNJ,0.009491851,0.0018581301
2025-08-13,JNJ,0.001720027,0.0021763742
2025-08-14,JNJ,0.010988989,0.0016410351
2025-08-15,JNJ,-0.0022078978,0.002493918
2025-08-18,JNJ,0.00879436,0.002082698
2025-08-19,JNJ,0.005849286,0.0021001399
2025-08-20,JNJ,0.0005032206,0.0015393794
2025-08-21,JNJ,0.002011956,0.0016134903
2025-08-22,JNJ,-0.0049082106,0.001706399
2025-08-25,JNJ,-0.0035006218,0.0017568693
2025-08-26,JNJ,0.0016997438,0.0012646914
2025-08-27,JNJ,-0.007579594,0.0024133548
2025-08-28,JNJ,0.00980337,0.0020114407
2025-08-29,JNJ,0.0050234203,0.0025211796
2025-09-02,JNJ,-0.00033695137,0.0026059821
2025-09-03,JNJ,0.004269632,0.0028656572
2025-09-04,JNJ,-0.0018460609,0.00210879
2025-09-05,JNJ,-0.0016812633,0.0019377843
2025-09-08,JNJ,-0.006568226,0.0023072064
2025-09-09,JNJ,-0.0066117393,0.004143156
2025-09-10,JNJ,0.01541616,-0.00093816966
2025-09-11,JNJ,-0.0024649997,-0.004429899
2025-09-12,JNJ,-0.0037066364,-0.0028166473
2025-09-15,JNJ,-0.0052986876,-0.006808132
2025-09-16,JNJ,0.0041935295,-0.0049422756
2025-09-17,JNJ,-0.017155718,-0.008437708
2025-09-18,JNJ,0.011655942,-0.010338359
2025-09-19,JNJ,-0.011237844,0.0010876358
2025-09-22,JNJ,0.013604242,-0.01168216
2025-09-23,JNJ,0.00062295055,-0.01702132
2025-09-24,JNJ,0.005885977,-0.006151974
2025-09-25,JNJ,0.011140556,-0.0069239363
2025-09-26,JNJ,0.010628169,-0.0061266944
2025-09-29,JNJ,0.020922823,-0.002560541
2025-09-30,JNJ,0.003397718,-0.009307571
2025-10-01,JNJ,-0.00037628232,-0.009140737
2025-10-02,JNJ,0.014302633,-0.0180794
2025-01-17,JPM,0.014932776,0.0024953038
2025-01-21,JPM,-0.0007224284,0.0015960187
2025-01-22,JPM,0.011832493,0.0016921908
2025-01-23,JPM,-0.004173899,0.0016198978
2025-01-24,JPM,0.0038137422,0.0015173852
2025-01-27,JPM,0.004852333,0.0019782782
2025-01-28,JPM,-0.0020964546,0.002106011
2025-01-29,JPM,0.0061896485,0.0025757924
2025-01-30,JPM,-0.0034672164,0.0030328408
2025-01-31,JPM,-0.0018331838,0.0028363094
2025-02-03,JPM,0.0042352797,0.0026728213
2025-02-04,JPM,0.009293176,0.0027863383
2025-02-05,JPM,0.023924718,0.0021936223
2025-02-06,JPM,-0.0039724545,0.0027639568
2025-02-07,JPM,-0.017258868,0.0031521395
2025-02-10,JPM,0.014573375,0.004141532
2025-02-11,JPM,0.0016730089,0.0032505393
2025-02-12,JPM,0.0031584266,0.0021432564
2025-02-13,JPM,0.0009770495,0.0028032884
2025-02-14,JPM,0.0121480655,0.0030893013
2025-02-18,JPM,-0.0025005448,0.0024590716
2025-02-19,JPM,-0.044583727,0.0028130189
2025-02-20,JPM,-0.009595159,0.0031401366
2025-02-21,JPM,-0.010975002,0.0040614232
2025-02-24,JPM,-0.015076088,0.006144315
2025-02-25,JPM,0.005400255,0.005407773
2025-02-26,JPM,0.001004597,0.0047891364
2025-02-27,JPM,0.021617344,0.0044299513
2025-02-28,JPM,-0.015227614,0.0046896115
2025-03-03,JPM,-0.03978967,0.004350677
2025-03-04,JPM,0.005114862,0.0033809617
2025-03-05,JPM,-0.01983863,0.0027970746
2025-03-06,JPM,-0.017279092,0.004293628
2025-03-07,JPM,-0.04152212,0.0040367246
2025-03-10,JPM,-0.013263326,0.006026387
2025-03-11,JPM,-0.0054116054,0.0048923194
2025-03-12,JPM,-0.011891176,0.008187868
2025-03-13,JPM,0.032195076,0.0071990937
2025-03-14,JPM,0.006410174,0.005206302
2025-03-17,JPM,0.0044458252,0.005472161
2025-03-18,JPM,0.017619286,0.0040626675
2025-03-19,JPM,-0.00041828962,0.0028491393
2025-03-20,JPM,0.010961932,0.00218831
2025-03-21,JPM,0.026610991,0.0023174658
2025-03-24,JPM,0.012376083,0.0023716614
2025-03-25,JPM,-0.00039826872,0.0012306646
2025-03-26,JPM,-0.011592311,0.0027874634
2025-03-27,JPM,-0.02123961,0.0033122227
2025-03-28,JPM,0.010088546,0.0017059818
2025-03-31,JPM,-0.006685718,0.0031727776
2025-04-01,JPM,0.0088647995,0.0036686063
2025-04-02,JPM,-0.069685124,0.0025647432
2025-04-03,JPM,-0.07483832,0.002731651
2025-04-04,JPM,0.019783152,0.00093268603
2025-04-07,JPM,0.011331759,0.0074298903
2025-04-08,JPM,0.080555186,0.018581633
2025-04-09,JPM,-0.030852607,0.013107397
2025-04-10,JPM,0.040024687,0.018435754
2025-04-11,JPM,-0.0062659276,0.0055201277
2025-04-14,JPM,-0.006773904,0.0024823397
2025-04-15,JPM,-0.015098942,0.0014214441
2025-04-16,JPM,0.01023477,0.0011753514
2025-04-17,JPM,-0.012803965,0.0021652505
2025-04-21,JPM,0.028822213,0.0034411997
2025-04-22,JPM,0.022454267,0.0037770271
2025-04-23,JPM,0.015609406,0.0036542788
2025-04-24,JPM,-0.004455477,0.0044678748
2025-04-25,JPM,-0.0013550177,0.0034312233
2025-04-28,JPM,0.0057561235,0.0030376688
2025-04-29,JPM,0.0,0.0016696751
2025-04-30,JPM,0.009279754,0.0018728524
2025-05-01,JPM,0.02276311,0.003239207
2025-05-02,JPM,0.00019805398,0.0021788478
2025-05-05,JPM,-0.01310582,0.002143599
2025-05-06,JPM,0.000561693,0.0031285062
2025-05-07,JPM,0.016359894,0.0028335527
2025-05-08,JPM,-0.0015386177,0.0028112903
2025-05-09,JPM,0.027540674,0.0025183782
2025-05-12,JPM,0.011382519,0.0024803951
2025-05-13,JPM,0.009999655,0.0023841187
2025-05-14,JPM,0.0069641657,0.0036106557
2025-05-15,JPM,0.00026172452,0.0029370114
2025-05-16,JPM,-0.010016405,0.0025567114
2025-05-19,JPM,0.0030201783,0.0023516044
2025-05-20,JPM,-0.017464567,0.0030774921
2025-05-21,JPM,-0.0014173302,0.0020995215
2025-05-22,JPM,0.00015331777,0.0023771673
2025-05-23,JPM,0.0175675,0.0028824136
2025-05-27,JPM,-0.0067850733,0.0035552979
2025-05-28,JPM,0.0033396985,0.0036406368
2025-05-29,JPM,-0.0013994777,0.0033260658
2025-05-30,JPM,0.0024999937,0.0025977343
2025-06-02,JPM,0.006083217,0.003593102
2025-06-03,JPM,-0.0076988507,0.0021520853
2025-06-04,JPM,-0.008591259,0.0025500432
2025-06-05,JPM,0.014430143,0.0026111975
2025-06-06,JPM,0.0038007756,0.0032248944
2025-06-09,JPM,0.006973107,0.0028427616
2025-06-10,JPM,-0.0016753651,0.0032904968
2025-06-11,JPM,0.0003355434,0.0026679859
2025-06-12,JPM,-0.012264937,0.0026708916
2025-06-13,JPM,0.02041879,0.0022894442
2025-06-16,JPM,-0.0031068986,0.002755113
2025-06-17,JPM,0.016473752,0.0025738552
2025-06-18,JPM,0.0037961479,0.0030535385
2025-06-20,JPM,0.011890833,0.0026646554
2025-06-23,JPM,0.010745093,0.003463842
2025-06-24,JPM,0.009955123,0.0016951188
2025-06-25,JPM,0.016510695,0.0022657514
2025-06-26,JPM,-0.005679749,0.0021911487
2025-06-27,JPM,0.009752391,0.0026512444
2025-06-30,JPM,0.0017247204,0.0044565275
2025-07-01,JPM,0.0054750764,0.001864858
2025-07-02,JPM,0.018582128,0.0015053451
2025-07-03,JPM,-0.013614852,0.0017062575
2025-07-07,JPM,-0.031475842,0.0020369142
2025-07-08,JPM,0.0013438448,0.004125558
2025-07-09,JPM,0.017763853,0.0045759007
2025-07-10,JPM,-0.0046151616,0.00444901
2025-07-11,JPM,0.00641445,0.0037553012
2025-07-14,JPM,-0.0074472465,0.0035439506
2025-07-15,JPM,-0.0025475584,0.0032761618
2025-07-16,JPM,0.014274761,0.0036510155
2025-07-17,JPM,0.004725666,0.0025777295
2025-07-18,JPM,-0.001029884,0.0022670925
2025-07-21,JPM,0.0015808819,0.0033622608
2025-07-22,JPM,0.018289186,0.0022292808
2025-07-23,JPM,-0.00070774724,0.0020190105
2025-07-24,JPM,0.0069803167,0.0024198294
2025-07-25,JPM,-0.0011385485,0.003609687
2025-07-28,JPM,-0.0041570924,0.002675645
2025-07-29,JPM,0.008719312,0.00302694
2025-07-30,JPM,-0.011314048,0.003395401
2025-07-31,JPM,-0.023190554,0.0029425323
2025-08-01,JPM,0.016898751,0.004306346
2025-08-04,JPM,-0.009821315,0.003360942
2025-08-05,JPM,-6.851609e-05,0.0026801154
2025-08-06,JPM,-0.015136462,0.0031986758
2025-08-07,JPM,0.006342766,0.0028861016
2025-08-08,JPM,0.0027704064,0.0035266504
2025-08-11,JPM,0.01136216,0.0032808334
2025-08-12,JPM,-0.007922149,0.003375575
2025-08-13,JPM,0.01249437,0.003824629
2025-08-14,JPM,-0.012476233,0.003677912
2025-08-15,JPM,0.0035801746,0.002283141
2025-08-18,JPM,-0.0029842313,0.003235273
2025-08-19,JPM,0.00543591,0.0023029
2025-08-20,JPM,-0.0026347907,0.0031586587
2025-08-21,JPM,0.0163652,0.0033953935
2025-08-22,JPM,-0.0045232894,0.0033552274
2025-08-25,JPM,0.0124449255,0.0030099973
2025-08-26,JPM,0.002377928,0.0030415282
2025-08-27,JPM,0.0059811305,0.002607137
2025-08-28,JPM,0.0011624886,0.0031606033
2025-08-29,JPM,-0.0057062954,0.0029923245
2025-09-02,JPM,-0.000633988,0.0032088086
2025-09-03,JPM,0.014390193,0.0032258928
2025-09-04,JPM,-0.031071097,0.002827257
2025-09-05,JPM,-0.0049935556,0.0029255524
2025-09-08,JPM,0.016865276,0.0043639764
2025-09-09,JPM,0.0090314485,-0.006252162
2025-09-10,JPM,0.016703216,0.00054463
2025-09-11,JPM,0.0044181403,0.005542323
2025-09-12,JPM,0.0064839027,-0.0020313486
2025-09-15,JPM,0.0009388406,0.00667762
2025-09-16,JPM,0.008279677,0.0041630045
2025-09-17,JPM,0.0047474923,0.004396014
2025-09-18,JPM,0.0049483753,0.012045518
2025-09-19,JPM,-0.0074337497,0.013815053
2025-09-22,JPM,0.0009601021,0.005498998
2025-09-23,JPM,0.0021744838,-0.014059365
2025-09-24,JPM,9.5690426e-05,-0.007285975
2025-09-25,JPM,0.008326619,0.0011131242
2025-09-26,JPM,-0.0011706152,0.018846113
2025-09-29,JPM,-0.0008236452,0.019251894
2025-09-30,JPM,-0.014963734,0.0070744455
2025-10-01,JPM,-0.010170266,0.0071831644
2025-10-02,JPM,0.008063784,0.0028304234
2025-01-17,META,0.006021828,0.004696846
2025-01-21,META,0.011419987,0.0038202405
2025-01-22,META,0.020769812,0.0020806491
2025-01-23,META,0.017346233,0.0019799545
2025-01-24,META,0.01913546,0.0015406385
2025-01-27,META,0.02189782,0.0032813475
2025-01-28,META,0.0032032733,0.0025950596
2025-01-29,META,0.015536116,0.0012275651
2025-01-30,META,0.003173138,0.0033743158
2025-01-31,META,0.012014333,0.0013068318
2025-02-03,META,0.009649267,0.0016067624
2025-02-04,META,0.00096572173,0.0007369593
2025-02-05,META,0.010101046,0.00046350807
2025-02-06,META,0.0035534275,0.0018597096
2025-02-07,META,0.0040306817,-0.00018326938
2025-02-10,META,0.003345417,0.00089056045
2025-02-11,META,0.007752182,0.00035815686
2025-02-12,META,0.004383934,0.00047309697
2025-02-13,META,0.011131581,-4.4994056e-05
2025-02-14,META,-0.027556507,0.00071602315
2025-02-18,META,-0.017588563,0.00017307699
2025-02-19,META,-0.012688876,0.0047108233
2025-02-20,META,-0.016248407,0.004197292
2025-02-21,META,-0.022558656,0.0034239963
2025-02-24,META,-0.015910072,0.0041347668
2025-02-25,META,0.024638759,0.0048099086
2025-02-26,META,-0.022947866,0.0054988787
2025-02-27,META,0.015131226,0.0026718676
2025-02-28,META,-0.019679781,0.0044141263
2025-03-03,META,-0.022975387,0.0024035424
2025-03-04,META,0.025734508,0.003123656
2025-03-05,META,-0.043475073,0.004897997
2025-03-06,META,-0.0036150522,0.0017695501
2025-03-07,META,-0.044225223,0.0049828812
2025-03-10,META,0.012910046,0.0056490675
2025-03-11,META,0.022865666,0.005750105
2025-03-12,META,-0.04667828,0.006254524
2025-03-13,META,0.029629722,0.004417248
2025-03-14,META,-0.004443615,0.005650513
2025-03-17,META,-0.037262503,0.0034055784
2025-03-18,META,0.0029193023,0.0043546483
2025-03-19,META,0.0033214611,0.0050546005
2025-03-20,META,0.017491499,0.004609272
2025-03-21,META,0.037903547,0.0035686716
2025-03-24,META,0.012054687,0.0025999695
2025-03-25,META,-0.024476761,0.0021534264
2025-03-26,META,-0.013748402,0.006376885
2025-03-27,META,-0.0428823,0.0061934516
2025-03-28,META,-0.0006587765,0.0033581033
2025-03-31,META,0.016725564,0.0058248267
2025-04-01,META,-0.003532429,0.0070927516
2025-04-02,META,-0.08958261,0.0041040108
2025-04-03,META,-0.05058123,0.0045224875
2025-04-04,META,0.022824042,0.0075391233
2025-04-07,META,-0.011234797,0.016895551
2025-04-08,META,0.14755608,0.018373415
2025-04-09,META,-0.06739846,0.008298837
2025-04-10,META,-0.00497902,0.01301568
2025-04-11,META,-0.022241984,0.010127611
2025-04-14,META,-0.018739985,5.272776e-05
2025-04-15,META,-0.03683469,-0.0021167025
2025-04-16,META,-0.0016523539,0.0001867935
2025-04-17,META,-0.033540748,0.0023605898
2025-04-21,META,0.032228798,0.0051684454
2025-04-22,META,0.03995761,0.004219234
2025-04-23,META,0.02475644,0.0062418506
2025-04-24,META,0.026484068,0.007832877
2025-04-25,META,0.004513301,0.009787343
2025-04-28,META,0.00854953,0.008132182
2025-04-29,META,-0.009811771,0.0072326735
2025-04-30,META,0.04227687,0.0033439845
2025-05-01,META,0.043358363,0.005090736
2025-05-02,META,0.0037686343,-0.0001046285
2025-05-05,META,-0.019957623,0.002583474
2025-05-06,META,0.016175399,0.007759899
2025-05-07,META,0.0020107483,0.0055959
2025-05-08,META,-0.009230595,0.0015497506
2025-05-09,META,0.079224825,0.0027202293
2025-05-12,META,0.02596072,0.0026105419
2025-05-13,META,0.005075894,-0.0027829185
2025-05-14,META,-0.023477277,0.008742593
2025-05-15,META,-0.0054978547,0.006961979
2025-05-16,META,0.00014050904,0.00601656
2025-05-19,META,-0.005199631,0.0034465566
2025-05-20,META,-0.0025113244,0.001169458
2025-05-21,META,0.0016836572,0.0016294718
2025-05-22,META,-0.014939438,0.0029237568
2025-05-23,META,0.02433578,0.0019649565
2025-05-27,META,0.0019616338,0.0033734813
2025-05-28,META,0.002284124,0.0009423569
2025-05-29,META,0.0037826258,0.0037485436
2025-05-30,META,0.03615509,0.0029612556
2025-06-02,META,-0.006036807,0.0030182078
2025-06-03,META,0.031641334,-0.0003221184
2025-06-04,META,-0.004840468,0.005267352
2025-06-05,META,0.019120175,8.40202e-05
2025-06-06,META,-0.0052314596,0.0047999322
2025-06-09,META,0.012016304,0.0003856644
2025-06-10,META,-0.011759717,0.0032971427
2025-06-11,META,-0.0011236854,0.00031393766
2025-06-12,META,-0.0151292095,0.0027802065
2025-06-13,META,0.028980935,0.000999175
2025-06-16,META,-0.006964646,0.0030878186
2025-06-17,META,-0.0020939563,-0.00054534525
2025-06-18,META,-0.019288072,0.003172055
2025-06-20,META,0.023712324,0.0020416453
2025-06-23,META,0.019569648,0.004566498
2025-06-24,META,-0.00494245,-8.739531e-05
2025-06-25,META,0.024566796,0.0013854429
2025-06-26,META,0.010384385,0.0037927255
2025-06-27,META,0.0060794125,1.9796193e-05
2025-06-30,META,-0.025566107,0.0017757118
2025-07-01,META,-0.007855719,0.0010100827
2025-07-02,META,0.0076236525,0.0039755926
2025-07-03,META,-0.0009179164,0.0020086989
2025-07-07,META,0.003229603,0.00031589717
2025-07-08,META,0.016803857,0.0017728359
2025-07-09,META,-0.0075603216,0.0008641556
2025-07-10,META,-0.013379286,-0.00011856854
2025-07-11,META,0.0047524823,0.0023935288
2025-07-14,META,-0.014606239,0.0025587305
2025-07-15,META,-0.010529542,0.0005706847
2025-07-16,META,-0.0021339492,0.0031874776
2025-07-17,META,0.0040918137,0.003353931
2025-07-18,META,0.012338761,0.002427578
2025-07-21,META,-0.011445059,0.0019160807
2025-07-22,META,0.012443091,0.000866428
2025-07-23,META,0.0017096894,0.0034762546
2025-07-24,META,-0.0029658943,0.00076910853
2025-07-25,META,0.006945691,0.002118796
2025-07-28,META,-0.024567053,0.0017099455
2025-07-29,META,-0.00684282,0.00054513663
2025-07-30,META,0.11252717,0.0045915097
2025-07-31,META,-0.030293219,0.004362695
2025-08-01,META,0.035146203,-0.00686159
2025-08-04,META,-0.016628686,0.013098933
2025-08-05,META,0.0111727975,-0.00046257675
2025-08-06,META,-0.013160779,0.00330548
2025-08-07,META,0.009805342,-0.0019827336
2025-08-08,META,-0.0044585816,0.00037574023
2025-08-11,META,0.03150663,-0.0029146895
2025-08-12,META,-0.012556911,-0.0010839179
2025-08-13,META,0.0026278927,-0.005221516
2025-08-14,META,0.0039635245,0.0010219887
2025-08-15,META,-0.022744939,-0.00075734407
2025-08-18,META,-0.020707078,-0.00040878356
2025-08-19,META,-0.0050035175,0.003299974
2025-08-20,META,-0.011528395,0.0036004707
2025-08-21,META,0.021228557,0.0027314797
2025-08-22,META,-0.0019740837,0.0024804324
2025-08-25,META,0.0010620459,-0.00015957654
2025-08-26,META,-0.008911267,0.0017974302
2025-08-27,META,0.0049907593,0.0014069453
2025-08-28,META,-0.01652219,0.0019549802
2025-08-29,META,-0.0048599807,-0.00028232485
2025-09-02,META,0.0026391007,0.0025307909
2025-09-03,META,0.015738482,0.0016381666
2025-09-04,META,0.005075786,0.00056007504
2025-09-05,META,-0.00019943464,-7.7180564e-05
2025-09-08,META,0.017812083,0.0012366027
2025-09-09,META,-0.017918255,0.004770875
2025-09-10,META,-0.0014361447,0.0051017404
2025-09-11,META,0.0062458273,0.0057786927
2025-09-12,META,0.012056757,0.010572001
2025-09-15,META,0.01870013,0.0013331026
2025-09-16,META,-0.004210505,-0.0004727617
2025-09-17,META,0.0058397786,0.0039273277
2025-09-18,META,-0.0023967135,0.0023160353
2025-09-19,META,-0.016320532,-0.0076663867
2025-09-22,META,-0.012755436,6.791949e-05
2025-09-23,META,0.00696313,0.004174784
2025-09-24,META,-0.015447112,0.009671755
2025-09-25,META,-0.006889978,-0.0024851114
2025-09-26,META,-0.00047055542,-0.0026246682
2025-09-29,META,-0.012133467,-0.0036305338
2025-09-30,META,-0.023203216,-0.00090972334
2025-10-01,META,0.013536065,0.0055184737
2025-10-02,META,-0.022680683,-0.0015373677
2025-01-17,MSFT,-0.001235264,0.0039058998
2025-01-21,MSFT,0.041306883,0.0034291446
2025-01-22,MSFT,0.0011428922,0.0032963008
2025-01-23,MSFT,-0.0059321467,0.0017321706
2025-01-24,MSFT,-0.021393586,0.0046807155
2025-01-27,MSFT,0.02908696,0.0030056834
2025-01-28,MSFT,-0.010890113,0.0047788695
2025-01-29,MSFT,-0.061808974,0.00209634
2025-01-30,MSFT,0.00016866213,0.0033847913
2025-01-31,MSFT,-0.009974302,0.0051186755
2025-02-03,MSFT,0.0035285216,0.008262515
2025-02-04,MSFT,0.00223102,0.0047159195
2025-02-05,MSFT,0.0061215363,0.003565371
2025-02-06,MSFT,-0.014597605,0.0026982948
2025-02-07,MSFT,0.006028092,0.002847612
2025-02-10,MSFT,-0.0018921664,0.0033145621
2025-02-11,MSFT,-0.005833288,0.002586469
2025-02-12,MSFT,0.003667169,0.0022968873
2025-02-13,MSFT,-0.0051395996,0.0025127009
2025-02-14,MSFT,0.002962594,0.0029082224
2025-02-18,MSFT,0.012523176,0.0028734207
2025-02-19,MSFT,0.0052907066,0.002500303
2025-02-20,MSFT,-0.0190326,0.0026111081
2025-02-21,MSFT,-0.010313283,0.002903439
2025-02-24,MSFT,-0.015099081,0.0032769293
2025-02-25,MSFT,0.0045991982,0.0030054674
2025-02-26,MSFT,-0.0180121,0.0033579767
2025-02-27,MSFT,0.011362107,0.0025338829
2025-02-28,MSFT,-0.021411095,0.0024516657
2025-03-03,MSFT,0.00030884784,0.0035427064
2025-03-04,MSFT,0.03193437,0.002021484
2025-03-05,MSFT,-0.010298651,0.00306762
2025-03-06,MSFT,-0.009020185,0.0029995218
2025-03-07,MSFT,-0.033434134,0.0036945418
2025-03-10,MSFT,0.0007627771,0.0022464544
2025-03-11,MSFT,0.007412271,0.0033640414
2025-03-12,MSFT,-0.0117411325,0.0045643523
2025-03-13,MSFT,0.025846876,0.0033843964
2025-03-14,MSFT,0.0003603364,0.0021891594
2025-03-17,MSFT,-0.013326541,0.002486132
2025-03-18,MSFT,0.011212062,0.0036824942
2025-03-19,MSFT,-0.0025270884,0.0024346337
2025-03-20,MSFT,0.011426002,0.0017999038
2025-03-21,MSFT,0.004651577,0.0023527816
2025-03-24,MSFT,0.0052916305,0.003037274
2025-03-25,MSFT,-0.013133945,0.0018583834
2025-03-26,MSFT,0.001564136,0.0014489293
2025-03-27,MSFT,-0.03016025,0.0022918358
2025-03-28,MSFT,-0.009002026,0.0019646958
2025-03-31,MSFT,0.018114489,0.003621906
2025-04-01,MSFT,-0.00013084793,0.005640447
2025-04-02,MSFT,-0.023630157,0.0038831756
2025-04-03,MSFT,-0.035565823,0.0030281767
2025-04-04,MSFT,-0.0055024913,0.0037486479
2025-04-07,MSFT,-0.009221475,0.00525973
2025-04-08,MSFT,0.10133678,0.0068226084
2025-04-09,MSFT,-0.023406409,0.003960602
2025-04-10,MSFT,0.01861812,0.008985005
2025-04-11,MSFT,-0.0016476733,0.0064729303
2025-04-14,MSFT,-0.0053633815,0.0003674701
2025-04-15,MSFT,-0.03660597,0.00019489974
2025-04-16,MSFT,-0.010306516,0.00059174
2025-04-17,MSFT,-0.023546686,0.0022328794
2025-04-21,MSFT,0.021441396,0.004623607
2025-04-22,MSFT,0.020636752,0.0045873597
2025-04-23,MSFT,0.034482706,0.0055539683
2025-04-24,MSFT,0.011748084,0.005767904
2025-04-25,MSFT,-0.001760921,0.0061091036
2025-04-28,MSFT,0.0073627704,0.006668173
2025-04-29,MSFT,0.0030961158,0.0042783543
2025-04-30,MSFT,0.07625354,0.00218717
2025-05-01,MSFT,0.023225257,0.0035117343
2025-05-02,MSFT,0.0020446396,0.0007388294
2025-05-05,MSFT,-0.006557061,0.008718498
2025-05-06,MSFT,9.230059e-05,0.006204486
2025-05-07,MSFT,0.0111226775,0.0029575303
2025-05-08,MSFT,0.0012780852,0.0027478412
2025-05-09,MSFT,0.02400099,0.002093166
2025-05-12,MSFT,-0.0002670028,0.0020783544
2025-05-13,MSFT,0.008460529,0.002189584
2025-05-14,MSFT,0.0022561217,0.004163176
2025-05-15,MSFT,0.00251582,0.0025354326
2025-05-16,MSFT,0.010126108,0.0027589872
2025-05-19,MSFT,-0.001525423,0.0026670545
2025-05-20,MSFT,-0.012222561,0.0020748377
2025-05-21,MSFT,0.0050599524,0.0022305548
2025-05-22,MSFT,-0.010288843,0.0032025874
2025-05-23,MSFT,0.023346186,0.0025632977
2025-05-27,MSFT,-0.0072282646,0.002947837
2025-05-28,MSFT,0.0028861444,0.002520807
2025-05-29,MSFT,0.0036626249,0.003665492
2025-05-30,MSFT,0.0034973365,0.002392903
2025-06-02,MSFT,0.0021646281,0.0037271902
2025-06-03,MSFT,0.0019439177,0.0019564778
2025-06-04,MSFT,0.008213497,0.0022290945
2025-06-05,MSFT,0.005773218,0.0024411008
2025-06-06,MSFT,0.005038499,0.0030541047
2025-06-09,MSFT,-0.0038709661,0.0027414337
2025-06-10,MSFT,0.0036099437,0.0029913783
2025-06-11,MSFT,0.013224162,0.0031037554
2025-06-12,MSFT,-0.00816508,0.0027510896
2025-06-13,MSFT,0.008800778,0.0026876181
2025-06-16,MSFT,-0.0022958026,0.0036641136
2025-06-17,MSFT,0.004602107,0.0024669394
2025-06-18,MSFT,-0.0059136855,0.0031714886
2025-06-20,MSFT,0.018014224,0.0030234084
2025-06-23,MSFT,0.008456762,0.0044737384
2025-06-24,MSFT,0.0044071916,0.0021672547
2025-06-25,MSFT,0.010522702,0.00279022
2025-06-26,MSFT,-0.003035452,0.0026121438
2025-06-27,MSFT,0.002964074,0.0026738122
2025-06-30,MSFT,-0.010775866,0.003906086
2025-07-01,MSFT,-0.0019509807,0.0024251118
2025-07-02,MSFT,0.015781207,0.001972489
2025-07-03,MSFT,-0.0022452134,0.0016958937
2025-07-07,MSFT,-0.0022101,0.0016329661
2025-07-08,MSFT,0.01387385,0.0034606904
2025-07-09,MSFT,-0.004031705,0.0027915835
2025-07-10,MSFT,0.003669129,0.002744168
2025-07-11,MSFT,-0.00059608684,0.0034527108
2025-07-14,MSFT,0.00556639,0.002657801
2025-07-15,MSFT,-0.000395407,0.0024561733
2025-07-16,MSFT,0.012024874,0.002980642
2025-07-17,MSFT,-0.0032245775,0.0034876093
2025-07-18,MSFT,1.9597399e-05,0.0029545575
2025-07-21,MSFT,-0.009391045,0.004044734
2025-07-22,MSFT,0.0011875122,0.0025173202
2025-07-23,MSFT,0.009903715,0.0030513108
2025-07-24,MSFT,0.0055395663,0.003204085
2025-07-25,MSFT,-0.002355521,0.0029738247
2025-07-28,MSFT,0.00013658564,0.0036597252
2025-07-29,MSFT,0.001307107,0.003137298
2025-07-30,MSFT,0.039474703,0.0030934587
2025-07-31,MSFT,-0.01760072,0.0036272407
2025-08-01,MSFT,0.021999259,0.0016881377
2025-08-04,MSFT,-0.0147300875,0.0047363043
2025-08-05,MSFT,-0.005324435,0.0014905855
2025-08-06,MSFT,-0.007810398,0.0029892996
2025-08-07,MSFT,0.0023039079,0.002668634
2025-08-08,MSFT,-0.0005171526,0.0021849126
2025-08-11,MSFT,0.01431658,0.002204597
2025-08-12,MSFT,-0.016363021,0.0030076057
2025-08-13,MSFT,0.003649715,0.00225275
2025-08-14,MSFT,-0.004421231,0.0037443787
2025-08-15,MSFT,-0.0059019956,0.0028117597
2025-08-18,MSFT,-0.014175136,0.0034121275
2025-08-19,MSFT,-0.007944724,0.0031763837
2025-08-20,MSFT,-0.0012874574,0.0031863526
2025-08-21,MSFT,0.0059297574,0.003932506
2025-08-22,MSFT,-0.005855334,0.0028415844
2025-08-25,MSFT,-0.004402493,0.0032145604
2025-08-26,MSFT,0.009361767,0.003132306
2025-08-27,MSFT,0.005722904,0.003447473
2025-08-28,MSFT,-0.0057884236,0.0017307624
2025-08-29,MSFT,-0.0030985558,0.0024934039
2025-09-02,MSFT,0.0004553591,0.0032842383
2025-09-03,MSFT,0.005184516,0.00253281
2025-09-04,MSFT,-0.025533006,0.0022770315
2025-09-05,MSFT,0.0064646713,0.0024036244
2025-09-08,MSFT,0.0004215003,0.0049197897
2025-09-09,MSFT,0.003932488,0.0066556707
2025-09-10,MSFT,0.0012790827,-0.0063953996
2025-09-11,MSFT,0.017744124,-0.013504937
2025-09-12,MSFT,0.010707965,-0.010971881
2025-09-15,MSFT,-0.012263227,-0.005495012
2025-09-16,MSFT,0.0019251541,0.006206043
2025-09-17,MSFT,-0.0030782653,-0.0014403164
2025-09-18,MSFT,0.018644862,-0.00891716
2025-09-19,MSFT,-0.006719017,-0.0011814088
2025-09-22,MSFT,-0.01014676,-0.0044305995
2025-09-23,MSFT,0.0018066156,-0.009131812
2025-09-24,MSFT,-0.006115839,-0.0054676756
2025-09-25,MSFT,0.008737141,-0.015526302
2025-09-26,MSFT,0.0061392565,-0.0061603934
2025-09-29,MSFT,0.006509982,-0.0036375374
2025-09-30,MSFT,0.00339803,-0.0313792
2025-10-01,MSFT,-0.0076389364,-0.014232293
2025-10-02,MSFT,0.0031216997,-0.0013913438
2025-01-17,NVDA,0.02265633,-0.0005870536
2025-01-21,NVDA,0.044308893,0.0008244887
2025-01-22,NVDA,0.0010197917,0.0011371523
2025-01-23,NVDA,-0.031245863,0.0022174343
2025-01-24,NVDA,-0.1696816,0.0006219819
2025-01-27,NVDA,0.08925861,0.0017175972
2025-01-28,NVDA,-0.041010994,-0.015768886
2025-01-29,NVDA,0.0076798536,0.00014331192
2025-01-30,NVDA,-0.036742818,-0.011356927
2025-01-31,NVDA,-0.028400088,0.0016508475
2025-02-03,NVDA,0.017058086,-0.0019037202
2025-02-04,NVDA,0.052085996,0.0028327703
2025-02-05,NVDA,0.030841803,0.008170411
2025-02-06,NVDA,0.009014587,0.011723734
2025-02-07,NVDA,0.028727781,0.009029083
2025-02-10,NVDA,-0.005764684,0.00422471
2025-02-11,NVDA,-0.012500106,0.0006316453
2025-02-12,NVDA,0.03164555,0.0002046004
2025-02-13,NVDA,0.02631392,0.0006522909
2025-02-14,NVDA,0.0039611147,-0.0007432401
2025-02-18,NVDA,-0.0012195457,-0.00033124536
2025-02-19,NVDA,0.006320464,0.0005609095
2025-02-20,NVDA,-0.04053964,-0.00011446327
2025-02-21,NVDA,-0.030870955,-0.0009102896
2025-02-24,NVDA,-0.02801666,0.0009543523
2025-02-25,NVDA,0.036721274,0.0042599365
2025-02-26,NVDA,-0.08478069,0.00518129
2025-02-27,NVDA,0.039700355,0.004807234
2025-02-28,NVDA,-0.08693565,-0.012363888
2025-03-03,NVDA,0.016920928,0.0014670864
2025-03-04,NVDA,0.011294082,-0.016612887
2025-03-05,NVDA,-0.057374224,0.0039220005
2025-03-06,NVDA,0.019173365,0.005808614
2025-03-07,NVDA,-0.05067004,-0.0062165707
2025-03-10,NVDA,0.016638672,0.005509846
2025-03-11,NVDA,0.064275935,-0.0030900463
2025-03-12,NVDA,-0.0013824166,0.005977921
2025-03-13,NVDA,0.052690774,0.011162862
2025-03-14,NVDA,-0.017588573,0.0017977506
2025-03-17,NVDA,-0.03430104,0.003251195
2025-03-18,NVDA,0.018106211,-0.00018105656
2025-03-19,NVDA,0.008594278,0.0011693761
2025-03-20,NVDA,-0.007002442,0.002253674
2025-03-21,NVDA,0.031520884,0.0011955574
2025-03-24,NVDA,-0.005930321,0.00083648413
2025-03-25,NVDA,-0.057419855,-0.00047459453
2025-03-26,NVDA,-0.020481693,-0.001274325
2025-03-27,NVDA,-0.015794689,-0.001138851
2025-03-28,NVDA,-0.011762587,0.0046177283
2025-03-31,NVDA,0.016331408,0.0050302073
2025-04-01,NVDA,0.0024512038,0.0050352737
2025-04-02,NVDA,-0.07806554,0.0035868585
2025-04-03,NVDA,-0.07357565,0.0012144521
2025-04-04,NVDA,0.03530902,-0.007703848
2025-04-07,NVDA,-0.013723777,0.001300998
2025-04-08,NVDA,0.18722734,0.012779601
2025-04-09,NVDA,-0.059127074,0.0042293966
2025-04-10,NVDA,0.031235438,0.027384654
2025-04-11,NVDA,-0.0019832181,-0.025363773
2025-04-14,NVDA,0.013458606,-0.010862432
2025-04-15,NVDA,-0.06871658,-0.0051787645
2025-04-16,NVDA,-0.028710917,0.00049912184
2025-04-17,NVDA,-0.045127507,-0.0029617772
2025-04-21,NVDA,0.020431256,0.006693743
2025-04-22,NVDA,0.038628776,0.0071947947
2025-04-23,NVDA,0.036218442,0.011074655
2025-04-24,NVDA,0.043033108,0.010504566
2025-04-25,NVDA,-0.020538788,0.007370867
2025-04-28,NVDA,0.0026671505,0.0057337508
2025-04-29,NVDA,-0.0009172244,0.0013254285
2025-04-30,NVDA,0.024697004,0.0008915216
2025-05-01,NVDA,0.025893778,0.002219446
2025-05-02,NVDA,-0.0059388815,0.0008714944
2025-05-05,NVDA,-0.0024599882,0.0001559481
2025-05-06,NVDA,0.031002263,-0.0003843978
2025-05-07,NVDA,0.0026482663,0.00071118027
2025-05-08,NVDA,-0.0061345133,-0.00040077418
2025-05-09,NVDA,0.054436382,0.00042098016
2025-05-12,NVDA,0.05634142,-0.00040006638
2025-05-13,NVDA,0.04163779,-0.0017541125
2025-05-14,NVDA,-0.00376827,0.001639463
2025-05-15,NVDA,0.004227566,0.0040977523
2025-05-16,NVDA,0.0012555709,0.004375197
2025-05-19,NVDA,-0.008777862,0.0022907332
2025-05-20,NVDA,-0.019199219,0.0012962148
2025-05-21,NVDA,0.007814919,0.0010681525
2025-05-22,NVDA,-0.011593795,0.0030133203
2025-05-23,NVDA,0.03206632,0.001019679
2025-05-27,NVDA,-0.0050921217,0.00023103505
2025-05-28,NVDA,0.03249022,-0.0007164404
2025-05-29,NVDA,-0.029168794,-0.00038051605
2025-05-30,NVDA,0.016650582,-0.0006514415
2025-06-02,NVDA,0.027951602,-0.0024873167
2025-06-03,NVDA,0.004956867,-0.002380088
2025-06-04,NVDA,-0.01359915,-0.0014999434
2025-06-05,NVDA,0.012357914,-0.001480192
2025-06-06,NVDA,0.0064211925,-5.7570636e-05
2025-06-09,NVDA,0.009324836,-0.0011183396
2025-06-10,NVDA,-0.0077805654,-0.0006185621
2025-06-11,NVDA,0.015192876,-0.0009358674
2025-06-12,NVDA,-0.020896565,-0.00043020397
2025-06-13,NVDA,0.019158991,-0.0007696822
2025-06-16,NVDA,-0.0039395187,-0.00041510165
2025-06-17,NVDA,0.009436589,-0.0005346462
2025-06-18,NVDA,-0.011204221,-0.0012515187
2025-06-20,NVDA,0.0022245036,-0.0006129816
2025-06-23,NVDA,0.025872182,0.0004575923
2025-06-24,NVDA,0.043340195,-0.00064507127
2025-06-25,NVDA,0.004601134,-0.0008514002
2025-06-26,NVDA,0.017610611,0.00016500801
2025-06-27,NVDA,0.0015214185,0.000104121864
2025-06-30,NVDA,-0.029685374,-0.00035794824
2025-07-01,NVDA,0.02576641,-0.0008511692
2025-07-02,NVDA,0.013290888,0.00018936396
2025-07-03,NVDA,-0.006903426,-0.0015068948
2025-07-07,NVDA,0.01112236,-0.001493156
2025-07-08,NVDA,0.017999995,-0.0011017844
2025-07-09,NVDA,0.0074902317,-0.00097160786
2025-07-10,NVDA,0.004996907,-0.00045800954
2025-07-11,NVDA,-0.0051539713,-0.00050441176
2025-07-14,NVDA,0.040409468,-0.0003663972
2025-07-15,NVDA,0.0039250464,-0.0012316778
2025-07-16,NVDA,0.009511613,-0.001839377
2025-07-17,NVDA,-0.0034103992,-0.0012626573
2025-07-18,NVDA,-0.005974107,-0.0012421161
2025-07-21,NVDA,-0.025382232,-0.00095712394
2025-07-22,NVDA,0.022451043,-0.0009511784
2025-07-23,NVDA,0.017332274,0.0011493787
2025-07-24,NVDA,-0.0013813961,-3.2655895e-05
2025-07-25,NVDA,0.018731989,-0.000732176
2025-07-28,NVDA,-0.00701564,-0.0011187345
2025-07-29,NVDA,0.021423416,-0.0009702593
2025-07-30,NVDA,-0.0078095146,-0.00042304397
2025-07-31,NVDA,-0.023331642,-0.0008208975
2025-08-01,NVDA,0.03615014,-0.00010428578
2025-08-04,NVDA,-0.009666733,-8.1948936e-05
2025-08-05,NVDA,0.0065073944,-0.0018687472
2025-08-06,NVDA,0.007524278,-0.0019732937
2025-08-07,NVDA,0.010676521,-0.0016397461
2025-08-08,NVDA,-0.0035030376,-0.0010359883
2025-08-11,NVDA,0.006042003,-0.0013525784
2025-08-12,NVDA,-0.0085717635,-0.0008077249
2025-08-13,NVDA,0.002367981,-0.0006626174
2025-08-14,NVDA,-0.00862545,-8.572638e-05
2025-08-15,NVDA,0.00864502,-0.0010192916
2025-08-18,NVDA,-0.034998015,-0.00067121536
2025-08-19,NVDA,-0.0013664528,-0.0011394024
2025-08-20,NVDA,-0.0023945644,-0.0012311563
2025-08-21,NVDA,0.017202033,0.0014030561
2025-08-22,NVDA,0.010225311,-0.0003983453
2025-08-25,NVDA,0.010900368,-0.00010511279
2025-08-26,NVDA,-0.00093520654,-0.0007276237
2025-08-27,NVDA,-0.007874517,-0.0009404868
2025-08-28,NVDA,-0.03324642,-0.0005800575
2025-08-29,NVDA,-0.019519964,-0.00037754327
2025-09-02,NVDA,-0.0009368628,-0.0011917278
2025-09-03,NVDA,0.0060954527,0.0007413998
2025-09-04,NVDA,-0.027030185,-2.514571e-05
2025-09-05,NVDA,0.0077235643,-0.0009962022
2025-09-08,NVDA,0.01455646,-0.0017283708
2025-09-09,NVDA,0.038475122,-0.009600908
2025-09-10,NVDA,-0.00084597984,-0.0013512075
2025-09-11,NVDA,0.0036688445,-0.004306838
2025-09-12,NVDA,-0.00039369767,-0.0010937229
2025-09-15,NVDA,-0.016146244,-0.015579097
2025-09-16,NVDA,-0.026246635,0.029447854
2025-09-17,NVDA,0.03494047,0.027425546
2025-09-18,NVDA,0.0024398132,0.016217206
2025-09-19,NVDA,0.039282292,-0.0035621896
2025-09-22,NVDA,-0.028212015,-0.009661622
2025-09-23,NVDA,-0.008182433,-0.00826174
2025-09-24,NVDA,0.004068493,-0.02429884
2025-09-25,NVDA,0.0028138894,-0.01807633
2025-09-26,NVDA,0.020539893,-0.011097334
2025-09-29,NVDA,0.026010424,-0.01136443
2025-09-30,NVDA,0.0035373762,-0.0075972304
2025-10-01,NVDA,0.008812186,-0.012115538
2025-10-02,NVDA,-0.0067235124,-0.01298105
2025-01-17,SPY,0.009153585,0.0010210872
2025-01-21,SPY,0.0056213927,0.0007080212
2025-01-22,SPY,0.005458086,0.00013375282
2025-01-23,SPY,-0.0029193102,0.00055772066
2025-01-24,SPY,-0.014145386,0.00029639155
2025-01-27,SPY,0.008592492,0.00050236285
2025-01-28,SPY,-0.0044830004,0.0023877248
2025-01-29,SPY,0.005367077,0.0006904751
2025-01-30,SPY,-0.005321838,0.00072521716
2025-01-31,SPY,-0.0067296047,0.0007127896
2025-02-03,SPY,0.0067082494,0.0018015206
2025-02-04,SPY,0.004054463,0.0018146411
2025-02-05,SPY,0.003475705,-7.2196126e-06
2025-02-06,SPY,-0.009153547,0.00036728382
2025-02-07,SPY,0.0067911744,0.0009774491
2025-02-10,SPY,0.0007606032,0.001886405
2025-02-11,SPY,-0.0032214609,4.029274e-05
2025-02-12,SPY,0.01055749,0.00090788305
2025-02-13,SPY,-4.9176808e-05,0.0017793775
2025-02-14,SPY,0.002935808,0.00075244904
2025-02-18,SPY,0.002354901,0.0007804483
2025-02-19,SPY,-0.0041602147,0.0010916069
2025-02-20,SPY,-0.01710408,0.0014830604
2025-02-21,SPY,-0.004550475,0.0019612163
2025-02-24,SPY,-0.004973145,0.0035471693
2025-02-25,SPY,0.0005046905,0.0028029084
2025-02-26,SPY,-0.015961861,0.002478063
2025-02-27,SPY,0.015605549,0.0015028492
2025-02-28,SPY,-0.01751995,0.0025929362
2025-03-03,SPY,-0.011836849,0.0020453483
2025-03-04,SPY,0.010747794,0.0014649332
2025-03-05,SPY,-0.01775113,0.0023154244
2025-03-06,SPY,0.005604844,0.0008281395
2025-03-07,SPY,-0.026635492,0.00044748187
2025-03-10,SPY,-0.008312901,0.00067751855
2025-03-11,SPY,0.0053065224,0.00063066185
2025-03-12,SPY,-0.01333041,0.0015347227
2025-03-13,SPY,0.020655673,0.00040012598
2025-03-14,SPY,0.007711316,-0.0001815781
2025-03-17,SPY,-0.010808371,-0.00032305717
2025-03-18,SPY,0.010890801,-0.00013952702
2025-03-19,SPY,-0.002891714,0.0006936118
2025-03-20,SPY,0.00032990327,-7.1413815e-05
2025-03-21,SPY,0.017908493,6.032735e-05
2025-03-24,SPY,0.0024038516,0.0003778264
2025-03-25,SPY,-0.011938272,-0.0007758364
2025-03-26,SPY,-0.0026557224,-0.00031162053
2025-03-27,SPY,-0.020138253,0.0010166243
2025-03-28,SPY,0.006712768,0.0005452931
2025-03-31,SPY,0.0028243891,0.0020169318
2025-04-01,SPY,0.006328387,0.0021460727
2025-04-02,SPY,-0.049280707,0.0004367754
2025-04-03,SPY,-0.058543015,0.0006835535
2025-04-04,SPY,-0.001781192,0.0021175668
2025-04-07,SPY,-0.01566276,0.006751567
2025-04-08,SPY,0.105019346,0.010859266
2025-04-09,SPY,-0.04381896,0.0032963008
2025-04-10,SPY,0.017842786,0.0048465803
2025-04-11,SPY,0.009701348,-0.002625741
2025-04-14,SPY,-0.0028008928,-0.0018327609
2025-04-15,SPY,-0.022227898,-0.0027923808
2025-04-16,SPY,0.0014266717,-0.0031291097
2025-04-17,SPY,-0.023802683,-0.0019566417
2025-04-21,SPY,0.0260178,-0.0011893958
2025-04-22,SPY,0.015495409,-0.001300618
2025-04-23,SPY,0.021048965,-0.00042598695
2025-04-24,SPY,0.007225229,0.00037337095
2025-04-25,SPY,0.00038137287,0.00029289722
2025-04-28,SPY,0.0062993355,0.0008665845
2025-04-29,SPY,0.00039700235,0.00013882667
2025-04-30,SPY,0.0070868623,-0.00037509948
2025-05-01,SPY,0.014844173,0.0006091669
2025-05-02,SPY,-0.005734321,-0.00045137107
2025-05-05,SPY,-0.0083583845,-0.00072458386
2025-05-06,SPY,0.004205465,-8.122623e-05
2025-05-07,SPY,0.0069678314,0.0007920563
2025-05-08,SPY,-0.0012740716,0.0007595569
2025-05-09,SPY,0.03304738,0.00067332387
2025-05-12,SPY,0.0066038244,-5.6907535e-05
2025-05-13,SPY,0.0012780413,-0.0005626604
2025-05-14,SPY,0.004884373,0.001526989
2025-05-15,SPY,0.006334083,0.0011449978
2025-05-16,SPY,0.0010938196,0.0004901141
2025-05-19,SPY,-0.0033621835,0.0001937449
2025-05-20,SPY,-0.016850753,6.685406e-05
2025-05-21,SPY,0.00039462434,8.714944e-05
2025-05-22,SPY,-0.0068257716,0.0014502555
2025-05-23,SPY,0.020790616,0.0008424893
2025-05-27,SPY,-0.0057854727,0.00050020963
2025-05-28,SPY,0.0039474894,-0.00027619302
2025-05-29,SPY,-0.0011185744,0.00028189272
2025-05-30,SPY,0.005632984,-3.450364e-05
2025-06-02,SPY,0.005702616,0.00024912506
2025-06-03,SPY,-0.0002684687,-0.0006493628
2025-06-04,SPY,-0.004832807,-0.0005268827
2025-06-05,SPY,0.01026901,-0.00036571175
2025-06-06,SPY,0.0009013028,0.00058493763
2025-06-09,SPY,0.005669706,-0.0005409196
2025-06-10,SPY,-0.0028520531,-0.00046873838
2025-06-11,SPY,0.003974284,-0.0001328066
2025-06-12,SPY,-0.0111801075,0.00031867623
2025-06-13,SPY,0.009514209,-0.00018372387
2025-06-16,SPY,-0.008545135,0.0008783564
2025-06-17,SPY,-0.00015060476,0.00010269135
2025-06-18,SPY,-0.0023485962,0.0003456697
2025-06-20,SPY,0.00987748,0.00012842566
2025-06-23,SPY,0.011047279,0.0003812909
2025-06-24,SPY,0.0005603189,-0.00025871396
2025-06-25,SPY,0.007823841,-0.0007998049
2025-06-26,SPY,0.00496831,-0.00041969866
2025-06-27,SPY,0.004781209,-0.00046322495
2025-06-30,SPY,-0.00032362982,-0.0004652068
2025-07-01,SPY,0.004533275,-0.0005101636
2025-07-02,SPY,0.007881351,-0.00071325153
2025-07-03,SPY,-0.0074519115,-0.0008344278
2025-07-07,SPY,-0.00054777064,-0.0011792406
2025-07-08,SPY,0.005996615,0.00032823533
2025-07-09,SPY,0.0028203286,-0.00010728836
2025-07-10,SPY,-0.0035154712,-0.00032487512
2025-07-11,SPY,0.001908208,-0.00042756647
2025-07-14,SPY,-0.0042732665,0.0001271218
2025-07-15,SPY,0.0033432497,-0.0002097711
2025-07-16,SPY,0.006119653,0.0006678477
2025-07-17,SPY,-0.0007323592,0.0005678311
2025-07-18,SPY,0.0018961672,-0.00012076646
2025-07-21,SPY,0.00014308956,-1.3187528e-06
2025-07-22,SPY,0.00850755,-1.1764467e-05
2025-07-23,SPY,0.00033101178,-1.8455088e-05
2025-07-24,SPY,0.004224358,-0.00019498914
2025-07-25,SPY,-0.0002511195,3.7916005e-05
2025-07-28,SPY,-0.0026376091,-0.00046048313
2025-07-29,SPY,-0.0012593305,-0.00027889758
2025-07-30,SPY,-0.0037512109,0.00015238672
2025-07-31,SPY,-0.016390432,0.0005668774
2025-08-01,SPY,0.015199795,0.0008195266
2025-08-04,SPY,-0.0050699646,0.0015624389
2025-08-05,SPY,0.0076596844,-0.00010211021
2025-08-06,SPY,-0.00083762105,-0.0001225546
2025-08-07,SPY,0.007797568,-0.00044082105
2025-08-08,SPY,-0.0019774858,-8.5905194e-05
2025-08-11,SPY,0.010646089,-0.0007579848
2025-08-12,SPY,0.0034230982,-0.0005754307
2025-08-13,SPY,9.3008544e-05,-0.0010025725
2025-08-14,SPY,-0.002341225,-0.0006935373
2025-08-15,SPY,-0.00021763582,-0.00037883967
2025-08-18,SPY,-0.005425145,0.00024368614
2025-08-19,SPY,-0.0026570586,-0.00044715405
2025-08-20,SPY,-0.00401184,0.00063662976
2025-08-21,SPY,0.015356803,0.0009037331
2025-08-22,SPY,-0.0044010887,0.00018233061
2025-08-25,SPY,0.004187051,-0.00011239201
2025-08-26,SPY,0.002278515,-5.285442e-05
2025-08-27,SPY,0.0035413785,-0.0001501143
2025-08-28,SPY,-0.005963682,-0.00012125075
2025-08-29,SPY,-0.0074102785,8.9176e-05
2025-09-02,SPY,0.0054195602,0.0007003918
2025-09-03,SPY,0.008357391,0.0009068176
2025-09-04,SPY,-0.0028962514,0.00020394474
2025-09-05,SPY,0.002456629,-0.00016722083
2025-09-08,SPY,0.0023118486,0.0004792586
2025-09-09,SPY,0.0028908628,-3.5859644e-05
2025-09-10,SPY,0.008310229,-9.866059e-05
2025-09-11,SPY,-0.0003345798,-6.198883e-05
2025-09-12,SPY,0.0053238804,-0.0006619692
2025-09-15,SPY,-0.0013768693,-0.00027573854
2025-09-16,SPY,-0.001242356,-0.0006651059
2025-09-17,SPY,0.004672453,-0.00028584152
2025-09-18,SPY,0.0049528354,0.00027836114
2025-09-19,SPY,0.0047310754,-0.00028742105
2025-09-22,SPY,-0.0054435916,-0.00038760155
2025-09-23,SPY,-0.0031815658,-0.0008615628
2025-09-24,SPY,-0.0046135047,-0.00011675805
2025-09-25,SPY,0.005729078,-0.00019615889
2025-09-26,SPY,0.0028104098,0.00019366294
2025-09-29,SPY,0.0037668757,-0.00061074644
2025-09-30,SPY,0.0034075167,-0.0006542504
2025-10-01,SPY,0.0011518565,-0.0006602183
2025-10-02,SPY,-1.4866159e-05,-0.0007999912
2025-01-17,TSLA,-0.005697521,0.0026388392
2025-01-21,TSLA,-0.02112864,0.00049925596
2025-01-22,TSLA,-0.006576523,0.00045927614
2025-01-23,TSLA,-0.014064742,-0.0006913096
2025-01-24,TSLA,-0.02319345,-0.0001982525
2025-01-27,TSLA,0.0023668702,0.0005123615
2025-01-28,TSLA,-0.022582809,0.0010508075
2025-01-29,TSLA,0.028732954,0.0018249676
2025-01-30,TSLA,0.010792464,0.0013125688
2025-01-31,TSLA,-0.05170542,0.0028145984
2025-02-03,TSLA,0.022232065,0.002024129
2025-02-04,TSLA,-0.035797093,-0.0011043698
2025-02-05,TSLA,-0.010180622,0.0014232546
2025-02-06,TSLA,-0.033928223,-0.0013958812
2025-02-07,TSLA,-0.030114442,0.0023002103
2025-02-10,TSLA,-0.06338212,0.0008125901
2025-02-11,TSLA,0.024383591,0.002904512
2025-02-12,TSLA,0.057739716,0.0017465577
2025-02-13,TSLA,-0.00028096337,0.010227732
2025-02-14,TSLA,-0.0048617665,0.012740932
2025-02-18,TSLA,0.018214714,0.0051288083
2025-02-19,TSLA,-0.017084545,-9.1306865e-05
2025-02-20,TSLA,-0.046839748,0.00011279434
2025-02-21,TSLA,-0.02152158,-0.00088804215
2025-02-24,TSLA,-0.083895594,0.000940226
2025-02-25,TSLA,-0.03963012,0.0052169785
2025-02-26,TSLA,-0.030433204,0.0010688007
2025-02-27,TSLA,0.039120406,0.011166565
2025-02-28,TSLA,-0.028432032,0.010553516
2025-03-03,TSLA,-0.044299968,0.014755569
2025-03-04,TSLA,0.025952056,-0.00041317195
2025-03-05,TSLA,-0.05607307,-0.0029063001
2025-03-06,TSLA,-0.002960709,0.004720345
2025-03-07,TSLA,-0.15426207,-0.0063696504
2025-03-10,TSLA,0.037947368,0.0032658875
2025-03-11,TSLA,0.07593891,-0.023976848
2025-03-12,TSLA,-0.029868208,0.012242831
2025-03-13,TSLA,0.038640533,0.02375742
2025-03-14,TSLA,-0.047883835,-0.0017108545
2025-03-17,TSLA,-0.05335909,0.003188692
2025-03-18,TSLA,0.04682439,-0.005157605
2025-03-19,TSLA,0.0016958955,-0.0012017116
2025-03-20,TSLA,0.052696235,0.0074576735
2025-03-21,TSLA,0.1193358,0.003583856
2025-03-24,TSLA,0.035022806,0.0061516836
2025-03-25,TSLA,-0.05580626,0.017421566
2025-03-26,TSLA,0.003932983,0.020901833
2025-03-27,TSLA,-0.035074934,0.00819207
2025-03-28,TSLA,-0.016657121,0.004313916
2025-03-31,TSLA,0.03588512,0.0013318583
2025-04-01,TSLA,0.05326685,0.0036636218
2025-04-02,TSLA,-0.05474611,0.0034496263
2025-04-03,TSLA,-0.10419787,0.005286619
2025-04-04,TSLA,-0.025644237,-0.0044198036
2025-04-07,TSLA,-0.048994783,-0.008112401
2025-04-08,TSLA,0.22689989,0.010310277
2025-04-09,TSLA,-0.0727407,0.0060921684
2025-04-10,TSLA,-0.00035656235,0.026181899
2025-04-11,TSLA,0.000158569,-0.03799033
2025-04-14,TSLA,0.006974418,-0.021600418
2025-04-15,TSLA,-0.049427405,-0.009870507
2025-04-16,TSLA,-0.00074522017,-0.0026945397
2025-04-17,TSLA,-0.057463627,-0.004192911
2025-04-21,TSLA,0.046021983,0.0034944788
2025-04-22,TSLA,0.053662244,-0.0011494309
2025-04-23,TSLA,0.034976486,0.007588677
2025-04-24,TSLA,0.09803091,0.010599427
2025-04-25,TSLA,0.0032637047,0.008884385
2025-04-28,TSLA,0.021512501,0.013323098
2025-04-29,TSLA,-0.033797882,0.014429927
2025-04-30,TSLA,-0.0058123567,0.0037092194
2025-05-01,TSLA,0.023848576,0.0035617128
2025-05-02,TSLA,-0.024198258,0.0021714345
2025-05-05,TSLA,-0.01751946,0.00023774058
2025-05-06,TSLA,0.0031595973,-0.00049512833
2025-05-07,TSLA,0.031134624,-0.00012543052
2025-05-08,TSLA,0.047187705,0.0004460439
2025-05-09,TSLA,0.06745791,0.0013196543
2025-05-12,TSLA,0.04928074,0.0034840778
2025-05-13,TSLA,0.04073992,0.00856474
2025-05-14,TSLA,-0.0139783295,0.012675047
2025-05-15,TSLA,0.020885605,0.010349482
2025-05-16,TSLA,-0.022544187,0.008443654
2025-05-19,TSLA,0.0050571808,0.0008921996
2025-05-20,TSLA,-0.026758222,0.0019172505
2025-05-21,TSLA,0.019185983,0.0013177171
2025-05-22,TSLA,-0.004984788,0.0003817901
2025-05-23,TSLA,0.069399476,-6.029755e-05
2025-05-27,TSLA,-0.016506435,-0.00088346004
2025-05-28,TSLA,0.004286912,0.00044379383
2025-05-29,TSLA,-0.033395648,0.0017108694
2025-05-30,TSLA,-0.010881456,-0.00043372065
2025-06-02,TSLA,0.0046105417,4.620105e-05
2025-06-03,TSLA,-0.0354954,0.00061482936
2025-06-04,TSLA,-0.14259894,0.0009014085
2025-06-05,TSLA,0.036670186,-0.0014034435
2025-06-06,TSLA,0.045537613,-0.009233549
2025-06-09,TSLA,0.056743827,0.014755204
2025-06-10,TSLA,0.0010426458,0.016844723
2025-06-11,TSLA,-0.022424433,0.017766267
2025-06-12,TSLA,0.019429076,0.006587021
2025-06-13,TSLA,0.011742668,-0.0013342649
2025-06-16,TSLA,-0.038829636,-0.0007816106
2025-06-17,TSLA,0.01801796,-0.0013085529
2025-06-18,TSLA,0.00034161116,-0.0022074431
2025-06-20,TSLA,0.08231931,0.00026061386
2025-06-23,TSLA,-0.02354592,0.00020384043
2025-06-24,TSLA,-0.037947584,0.001091063
2025-06-25,TSLA,-0.0054037217,0.0013754442
2025-06-26,TSLA,-0.006599527,-0.001052931
2025-06-27,TSLA,-0.018446995,0.0003765896
2025-06-30,TSLA,-0.053358976,0.00048419833
2025-07-01,TSLA,0.049682427,-0.00047870725
2025-07-02,TSLA,-0.0009503811,-5.710125e-05
2025-07-03,TSLA,-0.06789283,0.004578851
2025-07-07,TSLA,0.013165936,0.00015372783
2025-07-08,TSLA,-0.0064806174,-0.0047342256
2025-07-09,TSLA,0.047282647,0.0041061416
2025-07-10,TSLA,0.0117469095,0.0014285073
2025-07-11,TSLA,0.010813002,0.0042258576
2025-07-14,TSLA,-0.01931207,0.0031543747
2025-07-15,TSLA,0.03504091,0.0014007688
2025-07-16,TSLA,-0.007025864,0.00016578287
2025-07-17,TSLA,0.032059077,-0.00059396774
2025-07-18,TSLA,-0.0035188948,-0.00016702712
2025-07-21,TSLA,0.011020108,-0.00050457567
2025-07-22,TSLA,0.0013550096,0.00029658526
2025-07-23,TSLA,-0.0819702,-0.00040210038
2025-07-24,TSLA,0.035244055,0.00015608966
2025-07-25,TSLA,0.0301525,-0.00061065704
2025-07-28,TSLA,-0.013483167,0.005275637
2025-07-29,TSLA,-0.006724793,0.004587516
2025-07-30,TSLA,-0.033757582,-0.0003163591
2025-07-31,TSLA,-0.0182956,-0.00097548217
2025-08-01,TSLA,0.021907955,-0.0014281198
2025-08-04,TSLA,-0.0017461312,0.0015405789
2025-08-05,TSLA,0.036246445,0.0024771318
2025-08-06,TSLA,0.007377029,8.670241e-05
2025-08-07,TSLA,0.02290007,0.001688607
2025-08-08,TSLA,0.028454436,0.0015631616
2025-08-11,TSLA,0.0053387536,0.001083374
2025-08-12,TSLA,-0.0042835097,0.0012222975
2025-08-13,TSLA,-0.011196942,0.001339592
2025-08-14,TSLA,-0.0149591435,0.00022497028
2025-08-15,TSLA,0.013915798,0.00048642606
2025-08-18,TSLA,-0.017454369,0.0008067265
2025-08-19,TSLA,-0.016428301,-0.00026648492
2025-08-20,TSLA,-0.0117011685,0.00014247745
2025-08-21,TSLA,0.06216621,0.00064177066
2025-08-22,TSLA,0.01938177,0.00019109994
2025-08-25,TSLA,0.014627834,0.002047792
2025-08-26,TSLA,-0.005886221,0.0045419186
2025-08-27,TSLA,-0.010354677,0.0025655553
2025-08-28,TSLA,-0.035002068,0.00085149705
2025-08-29,TSLA,-0.013508281,0.00036450475
2025-09-02,TSLA,0.0143612195,0.0014342442
2025-09-03,TSLA,0.01328984,0.0022698566
2025-09-04,TSLA,0.03636309,0.002801977
2025-09-05,TSLA,-0.0126553485,0.001302056
2025-09-08,TSLA,0.0016455177,0.0022595972
2025-09-09,TSLA,0.002363338,6.608665e-06
2025-09-10,TSLA,0.060438737,0.00429561
2025-09-11,TSLA,0.07356092,0.0015773997
2025-09-12,TSLA,0.035611473,-0.007228613
2025-09-15,TSLA,0.028241115,-0.0013612956
2025-09-16,TSLA,0.010056426,0.004698731
2025-09-17,TSLA,-0.02115714,0.01623717
2025-09-18,TSLA,0.02211827,0.020026978
2025-09-19,TSLA,0.019104805,0.010492563
2025-09-22,TSLA,-0.019253323,0.0038743988
2025-09-23,TSLA,0.039779272,-0.005295843
2025-09-24,TSLA,-0.04381308,0.0050039217
2025-09-25,TSLA,0.040175673,-0.00020211935
2025-09-26,TSLA,0.0063805575,0.0020536184
2025-09-29,TSLA,0.003406985,-0.0027634352
2025-09-30,TSLA,0.03314443,-0.0037287772
2025-10-01,TSLA,-0.051059924,0.0040429756
2025-10-02,TSLA,-0.014151407,-0.001952596
2025-01-17,V,0.012546204,0.005077891
2025-01-21,V,-0.00021638219,0.004074134
2025-01-22,V,0.014371342,0.0033495948
2025-01-23,V,0.006063314,0.003658697
2025-01-24,V,0.013143561,0.0029214546
2025-01-27,V,-0.000179435,0.003680639
2025-01-28,V,0.0041856114,0.003769435
2025-01-29,V,0.021346847,0.004052691
2025-01-30,V,-0.0036437223,0.0030536875
2025-01-31,V,0.011761315,0.0028934851
2025-02-03,V,-0.001937521,0.004638791
2025-02-04,V,0.012429397,0.0027331114
2025-02-05,V,-0.0056089177,0.0028682202
2025-02-06,V,0.0015539818,0.0027366802
2025-02-07,V,0.009223666,0.0040187985
2025-02-10,V,0.00022819819,0.0037029982
2025-02-11,V,0.0021953715,0.004010394
2025-02-12,V,0.011778543,0.0041702166
2025-02-13,V,-0.0051177386,0.0040363967
2025-02-14,V,0.008253093,0.003057383
2025-02-18,V,-0.0042049196,0.004633896
2025-02-19,V,-0.013343517,0.0034691542
2025-02-20,V,-0.005592069,0.0035423562
2025-02-21,V,0.0038158726,0.004237376
2025-02-24,V,0.0063741235,0.00437551
2025-02-25,V,-0.004146661,0.003884323
2025-02-26,V,0.014573746,0.0044617876
2025-02-27,V,0.01959298,0.0044790804
2025-02-28,V,-0.0024537486,0.0037205294
2025-03-03,V,-0.026504887,0.00410977
2025-03-04,V,0.0012775487,0.0037429258
2025-03-05,V,-0.024157885,0.0030497015
2025-03-06,V,0.0033705963,0.003179051
2025-03-07,V,-0.011120133,0.0039095283
2025-03-10,V,-0.027351528,0.004292719
2025-03-11,V,0.002107513,0.0049666017
2025-03-12,V,-0.012889155,0.0047761947
2025-03-13,V,0.009891979,0.0048809797
2025-03-14,V,0.008288072,0.004933968
2025-03-17,V,0.00065765786,0.004734352
2025-03-18,V,0.015234279,0.0044152737
2025-03-19,V,-0.0010885798,0.0045563057
2025-03-20,V,-0.011310675,0.0032951236
2025-03-21,V,0.024459139,0.0040550902
2025-03-24,V,0.002181132,0.005068615
2025-03-25,V,-0.0012767924,0.0016629621
2025-03-26,V,0.01650288,0.0031343475
2025-03-27,V,-0.02003641,0.0040907934
2025-03-28,V,0.022196228,0.0032029524
2025-03-31,V,-0.011727442,0.003808789
2025-04-01,V,-5.782249e-05,0.0027290955
2025-04-02,V,-0.020038597,0.0037138388
2025-04-03,V,-0.07737411,0.0026967898
2025-04-04,V,-0.002586831,0.004324317
2025-04-07,V,-0.012967505,0.0025026128
2025-04-08,V,0.07837286,0.013167985
2025-04-09,V,-0.0235237,0.009905785
2025-04-10,V,0.027078642,0.014854491
2025-04-11,V,0.0053389273,0.008235626
2025-04-14,V,0.0018795495,0.0036275089
2025-04-15,V,-0.013340895,0.0039091483
2025-04-16,V,-0.0051911366,0.0038728938
2025-04-17,V,-0.028852321,0.004589416
2025-04-21,V,0.03530155,0.004210867
2025-04-22,V,0.008961985,0.0047917143
2025-04-23,V,0.004007507,0.005200714
2025-04-24,V,-0.001608499,0.006651886
2025-04-25,V,0.006981483,0.0045558885
2025-04-28,V,0.0118810935,0.0026729405
2025-04-29,V,0.01165381,0.0030249655
2025-04-30,V,-0.008827747,0.003563702
2025-05-01,V,0.015038649,0.0043096617
2025-05-02,V,0.0029919927,0.0035742447
2025-05-05,V,-0.0026961174,0.0025479198
2025-05-06,V,0.006183416,0.0034221932
2025-05-07,V,0.004058811,0.0038481578
2025-05-08,V,0.0036155062,0.004151158
2025-05-09,V,0.009389001,0.0039540604
2025-05-12,V,0.0024771288,0.003915176
2025-05-13,V,0.00089840783,0.0045117363
2025-05-14,V,0.016383328,0.0037726685
2025-05-15,V,0.0077836514,0.0036317036
2025-05-16,V,0.0076139322,0.003001526
2025-05-19,V,-0.002881212,0.004162319
2025-05-20,V,-0.023279972,0.0039044023
2025-05-21,V,-0.0009209779,0.0042549297
2025-05-22,V,-0.012375317,0.0043495595
2025-05-23,V,0.016292345,0.0038593784
2025-05-27,V,0.0011968148,0.0046987757
2025-05-28,V,0.007422158,0.004682131
2025-05-29,V,0.0076987487,0.0046427622
2025-05-30,V,0.00035594913,0.005022578
2025-06-02,V,0.0014781026,0.0050434098
2025-06-03,V,0.005849287,0.0031774938
2025-06-04,V,-0.0033424043,0.0037184656
2025-06-05,V,0.009406438,0.0035009012
2025-06-06,V,-0.00961589,0.004747577
2025-06-09,V,0.011018449,0.0033316314
2025-06-10,V,0.007040712,0.004274547
2025-06-11,V,-0.005116477,0.0032761618
2025-06-12,V,-0.049946092,0.004559651
2025-06-13,V,0.0074536386,0.0044960156
2025-06-16,V,0.0066388547,0.0062977597
2025-06-17,V,-0.048792727,0.006452143
2025-06-18,V,-0.005317595,0.0051452816
2025-06-20,V,0.015299634,0.0054608956
2025-06-23,V,0.02292361,0.008098431
2025-06-24,V,-0.018115588,0.005534254
2025-06-25,V,0.0022301995,0.006046675
2025-06-26,V,0.0074559175,0.00423757
2025-06-27,V,0.018473431,0.003244482
2025-06-30,V,0.0011828988,0.002954945
2025-07-01,V,-0.0035164666,0.0036856905
2025-07-02,V,0.013099165,0.0047422647
2025-07-03,V,-0.006186156,0.0034954995
2025-07-07,V,-0.0058603515,0.0028945655
2025-07-08,V,0.009053858,0.005026795
2025-07-09,V,-0.0052549504,0.0044739544
2025-07-10,V,-0.022339074,0.003494449
2025-07-11,V,0.0073865578,0.0037921444
2025-07-14,V,-0.009928644,0.004221879
2025-07-15,V,0.008299227,0.0037398934
2025-07-16,V,-0.0002572216,0.0040644556
2025-07-17,V,-0.0021726135,0.0042731985
2025-07-18,V,0.00541472,0.004502818
2025-07-21,V,0.0026214777,0.0042913407
2025-07-22,V,0.009748299,0.003997229
2025-07-23,V,-0.0037152932,0.004019022
2025-07-24,V,0.008673046,0.003873296
2025-07-25,V,-0.004397318,0.004793115
2025-07-28,V,-0.011759024,0.0032279938
2025-07-29,V,-0.00108173,0.0041385964
2025-07-30,V,-0.0155025665,0.004905805
2025-07-31,V,-0.017715005,0.0045808256
2025-08-01,V,0.008251047,0.003737986
2025-08-04,V,-0.013795094,0.0040850863
2025-08-05,V,0.006845853,0.0043811053
2025-08-06,V,-0.022517228,0.0043440536
2025-08-07,V,0.01412268,0.0038875714
2025-08-08,V,-0.0026129645,0.004540272
2025-08-11,V,0.0042646886,0.0036417022
2025-08-12,V,0.017253662,0.0039961487
2025-08-13,V,0.008582696,0.003760092
2025-08-14,V,-0.0029522968,0.0037969202
2025-08-15,V,-0.00502224,0.004722126
2025-08-18,V,-0.00084605836,0.0040161535
2025-08-19,V,0.0043217414,0.0031324327
2025-08-20,V,-0.000697788,0.0036055818
2025-08-21,V,0.01847597,0.004112862
2025-08-22,V,-0.0034853194,0.0043115765
2025-08-25,V,0.006765625,0.0034246072
2025-08-26,V,-0.0023634222,0.0052919164
2025-08-27,V,-0.0013986606,0.003143534
2025-08-28,V,0.005487948,0.0033462346
2025-08-29,V,-0.0048609683,0.003224589
2025-09-02,V,0.0022852223,0.0032208115
2025-09-03,V,0.0003419931,0.0046261474
2025-09-04,V,-0.022137351,0.003917247
2025-09-05,V,-0.0026805357,0.0042107925
2025-09-08,V,0.004937197,0.004725866
2025-09-09,V,-0.017064435,-0.0048669353
2025-09-10,V,0.015881922,-0.00093287975
2025-09-11,V,-0.011819842,-0.007631026
2025-09-12,V,-0.0011195383,-0.012236044
2025-09-15,V,0.0028904616,-0.015259869
2025-09-16,V,0.018145498,-0.015959375
2025-09-17,V,-0.023165856,-0.021520473
2025-09-18,V,0.010142506,-0.017763704
2025-09-19,V,0.008050116,-0.011849284
2025-09-22,V,-0.01643621,-0.00893908
2025-09-23,V,-5.910697e-05,-0.021130666
2025-09-24,V,-0.011072399,-0.01342351
2025-09-25,V,0.0072851116,-0.020017907
2025-09-26,V,0.008269877,-0.012493148
2025-09-29,V,0.003586551,-0.01065252
2025-09-30,V,0.018893847,-0.016011663
2025-10-01,V,-0.005404866,-0.013072535
2025-10-02,V,0.011244353,-0.009439953
