date,ticker,w_BL_RNN
2025-01-17,AAPL,0.08560048825162803
2025-01-17,AMZN,0.06801268301629282
2025-01-17,GOOGL,0.11726047280896235
2025-01-17,JNJ,0.27767350228520143
2025-01-17,JPM,0.2013813597137179
2025-01-17,META,0.0
2025-01-17,MSFT,0.0
2025-01-17,NVDA,0.09735462510734852
2025-01-17,TSLA,0.0
2025-01-17,V,0.15271686881684893
2025-01-21,AAPL,0.0
2025-01-21,AMZN,0.0015986722810144513
2025-01-21,GOOGL,0.10479005550321382
2025-01-21,JNJ,0.24430803636911433
2025-01-21,JPM,0.1733343923737324
2025-01-21,META,0.0
2025-01-21,MSFT,0.1137454517822684
2025-01-21,NVDA,0.14387086181921355
2025-01-21,TSLA,0.0
2025-01-21,V,0.218352529871443
2025-01-22,AAPL,0.0
2025-01-22,AMZN,0.03252234949531066
2025-01-22,GOOGL,0.07814718348931272
2025-01-22,JNJ,0.06641187112309307
2025-01-22,JPM,0.1419325246261168
2025-01-22,META,0.0
2025-01-22,MSFT,0.17557592407641934
2025-01-22,NVDA,0.08577200935729785
2025-01-22,TSLA,0.023472136750351705
2025-01-22,V,0.396166001082098
2025-01-23,AAPL,0.0
2025-01-23,AMZN,0.09781314719894686
2025-01-23,GOOGL,0.0691966130108147
2025-01-23,JNJ,0.28036581754780976
2025-01-23,JPM,0.08097065302652545
2025-01-23,META,0.0
2025-01-23,MSFT,0.0
2025-01-23,NVDA,0.09611486636368351
2025-01-23,TSLA,0.0423714775948956
2025-01-23,V,0.3331674252573241
2025-01-24,AAPL,0.0
2025-01-24,AMZN,0.30517794938145154
2025-01-24,GOOGL,0.07045166109435003
2025-01-24,JNJ,0.023205975920869832
2025-01-24,JPM,0.0
2025-01-24,META,0.0
2025-01-24,MSFT,0.12662746269154082
2025-01-24,NVDA,0.2076819656963493
2025-01-24,TSLA,0.0
2025-01-24,V,0.2668549852154384
2025-01-27,AAPL,0.027612662889563534
2025-01-27,AMZN,0.1279740682142949
2025-01-27,GOOGL,0.04541848845315048
2025-01-27,JNJ,0.28073255600508057
2025-01-27,JPM,0.0
2025-01-27,META,0.0
2025-01-27,MSFT,0.15058395516547557
2025-01-27,NVDA,0.19230342623338448
2025-01-27,TSLA,0.005643127283555429
2025-01-27,V,0.16973171575549503
2025-01-28,AAPL,0.0
2025-01-28,AMZN,0.0
2025-01-28,GOOGL,0.09070082472654531
2025-01-28,JNJ,0.35339767266536254
2025-01-28,JPM,0.0
2025-01-28,META,0.0
2025-01-28,MSFT,0.09329535671505208
2025-01-28,NVDA,0.41565805738406
2025-01-28,TSLA,0.0
2025-01-28,V,0.04694808850898019
2025-01-29,AAPL,0.21139775202745528
2025-01-29,AMZN,0.1075478041766541
2025-01-29,GOOGL,0.05545367903179474
2025-01-29,JNJ,0.29526114611582105
2025-01-29,JPM,0.02805475541552221
2025-01-29,META,0.0
2025-01-29,MSFT,0.0946831380510226
2025-01-29,NVDA,0.0
2025-01-29,TSLA,0.0
2025-01-29,V,0.20760172518172992
2025-01-30,AAPL,0.31030455153236874
2025-01-30,AMZN,0.15467272040497823
2025-01-30,GOOGL,0.07869485543121306
2025-01-30,JNJ,0.056405548917992654
2025-01-30,JPM,0.028006502654165575
2025-01-30,META,0.0
2025-01-30,MSFT,0.18844740086418652
2025-01-30,NVDA,0.0
2025-01-30,TSLA,0.010796011042388661
2025-01-30,V,0.1726724091527066
2025-01-31,AAPL,0.1959857947874585
2025-01-31,AMZN,0.14183490970572524
2025-01-31,GOOGL,0.08168057678385149
2025-01-31,JNJ,0.0
2025-01-31,JPM,0.09208852783537817
2025-01-31,META,0.0
2025-01-31,MSFT,0.38987610886629426
2025-01-31,NVDA,0.0
2025-01-31,TSLA,0.0023520496899162428
2025-01-31,V,0.096182032331376
2025-02-03,AAPL,0.05667940893068843
2025-02-03,AMZN,0.09902812151512774
2025-02-03,GOOGL,0.1592370584063008
2025-02-03,JNJ,0.0
2025-02-03,JPM,0.15101813291881588
2025-02-03,META,0.0
2025-02-03,MSFT,0.2935653963421506
2025-02-03,NVDA,0.0
2025-02-03,TSLA,0.007372242169242754
2025-02-03,V,0.2330996397176738
2025-02-04,AAPL,0.04036773205414462
2025-02-04,AMZN,0.13227852864012768
2025-02-04,GOOGL,0.18720246987099823
2025-02-04,JNJ,0.036851652842561616
2025-02-04,JPM,0.07512956429653608
2025-02-04,META,0.0
2025-02-04,MSFT,0.23428462065540698
2025-02-04,NVDA,0.018199827805761595
2025-02-04,TSLA,0.015998714170845273
2025-02-04,V,0.2596868896636178
2025-02-05,AAPL,0.13004570070021396
2025-02-05,AMZN,0.2160676696214592
2025-02-05,GOOGL,0.047078535694812504
2025-02-05,JNJ,0.02579827104461067
2025-02-05,JPM,0.06872178944355983
2025-02-05,META,0.0
2025-02-05,MSFT,0.1754441767261012
2025-02-05,NVDA,0.14957531358843476
2025-02-05,TSLA,0.0
2025-02-05,V,0.1872685431808079
2025-02-06,AAPL,0.13993425667217568
2025-02-06,AMZN,0.1664737641909674
2025-02-06,GOOGL,0.23522370000147239
2025-02-06,JNJ,0.21395020537936635
2025-02-06,JPM,0.0
2025-02-06,META,0.0
2025-02-06,MSFT,0.07416778513834339
2025-02-06,NVDA,0.17025028861767474
2025-02-06,TSLA,0.0
2025-02-06,V,0.0
2025-02-07,AAPL,0.09337241415126842
2025-02-07,AMZN,0.13596529451685022
2025-02-07,GOOGL,0.04610633012883262
2025-02-07,JNJ,0.3211286032967551
2025-02-07,JPM,0.0
2025-02-07,META,0.0
2025-02-07,MSFT,0.16988273425775163
2025-02-07,NVDA,0.21705425540182932
2025-02-07,TSLA,0.01649036824671268
2025-02-07,V,0.0
2025-02-10,AAPL,0.05233292266668355
2025-02-10,AMZN,0.17136179986820585
2025-02-10,GOOGL,0.008702698256045405
2025-02-10,JNJ,0.2542425050535177
2025-02-10,JPM,0.08943075995388809
2025-02-10,META,0.0
2025-02-10,MSFT,0.26361696307067517
2025-02-10,NVDA,0.1335471371660402
2025-02-10,TSLA,0.001922963655514545
2025-02-10,V,0.024842250309429468
2025-02-11,AAPL,0.024684891227553532
2025-02-11,AMZN,0.12862863206504735
2025-02-11,GOOGL,0.0004604247271794388
2025-02-11,JNJ,0.10239314034325106
2025-02-11,JPM,0.08519913057957999
2025-02-11,META,0.0
2025-02-11,MSFT,0.3409063620711522
2025-02-11,NVDA,0.20942624209392832
2025-02-11,TSLA,0.0034285254810541487
2025-02-11,V,0.10487265141125382
2025-02-12,AAPL,0.06721549121858417
2025-02-12,AMZN,0.17337887733957932
2025-02-12,GOOGL,0.04112843279732203
2025-02-12,JNJ,0.02313892305063017
2025-02-12,JPM,0.0
2025-02-12,META,0.0
2025-02-12,MSFT,0.2660624510557175
2025-02-12,NVDA,0.14047875621401154
2025-02-12,TSLA,0.0
2025-02-12,V,0.28859706832415527
2025-02-13,AAPL,0.2188902299497779
2025-02-13,AMZN,0.12318116920201641
2025-02-13,GOOGL,0.08643733018936763
2025-02-13,JNJ,0.12318816349906384
2025-02-13,JPM,0.0
2025-02-13,META,0.0
2025-02-13,MSFT,0.15325023343754773
2025-02-13,NVDA,0.0811448511380228
2025-02-13,TSLA,0.0
2025-02-13,V,0.2139080225842037
2025-02-14,AAPL,0.2924183395263972
2025-02-14,AMZN,0.15364534213816683
2025-02-14,GOOGL,0.12010447446126395
2025-02-14,JNJ,0.0013131471599513393
2025-02-14,JPM,0.04203847219245435
2025-02-14,META,0.0
2025-02-14,MSFT,0.23346284930041872
2025-02-14,NVDA,0.0314346334286994
2025-02-14,TSLA,0.0
2025-02-14,V,0.1255827417926481
2025-02-18,AAPL,0.21860137560617715
2025-02-18,AMZN,0.13040119723112778
2025-02-18,GOOGL,0.11889481186314686
2025-02-18,JNJ,0.11351011793211223
2025-02-18,JPM,0.0431215220981077
2025-02-18,META,0.0
2025-02-18,MSFT,0.21625947333400156
2025-02-18,NVDA,0.04694625522029723
2025-02-18,TSLA,0.02182576546778983
2025-02-18,V,0.09043948124723972
2025-02-19,AAPL,0.20060307527676174
2025-02-19,AMZN,0.12323770780738473
2025-02-19,GOOGL,0.08875313996855272
2025-02-19,JNJ,0.0
2025-02-19,JPM,0.0020503594426485253
2025-02-19,META,0.0
2025-02-19,MSFT,0.22273278129706525
2025-02-19,NVDA,0.11370206602689727
2025-02-19,TSLA,0.026002752665261072
2025-02-19,V,0.22291811751542875
2025-02-20,AAPL,0.09900581508171528
2025-02-20,AMZN,0.14532384240320345
2025-02-20,GOOGL,0.0
2025-02-20,JNJ,0.0
2025-02-20,JPM,0.09291661503827099
2025-02-20,META,0.0
2025-02-20,MSFT,0.22929256079963528
2025-02-20,NVDA,0.16379059662034115
2025-02-20,TSLA,0.0055428642089909615
2025-02-20,V,0.26412770584784295
2025-02-21,AAPL,0.09816552367814273
2025-02-21,AMZN,0.1047804722790312
2025-02-21,GOOGL,0.09812624287641844
2025-02-21,JNJ,0.03196471801246308
2025-02-21,JPM,0.24183463818630307
2025-02-21,META,0.0
2025-02-21,MSFT,0.2015928994290906
2025-02-21,NVDA,0.12637169022589834
2025-02-21,TSLA,0.01338179204654733
2025-02-21,V,0.0837820232661053
2025-02-24,AAPL,0.06369564724938723
2025-02-24,AMZN,0.06078167115021108
2025-02-24,GOOGL,0.030873696461144493
2025-02-24,JNJ,0.11366132625633206
2025-02-24,JPM,0.057988714900989176
2025-02-24,META,0.0
2025-02-24,MSFT,0.3570403043727766
2025-02-24,NVDA,0.10043818616845768
2025-02-24,TSLA,0.012941048931881721
2025-02-24,V,0.20257940450882003
2025-02-25,AAPL,0.14723209103153304
2025-02-25,AMZN,0.07627304606220207
2025-02-25,GOOGL,0.010040068853355757
2025-02-25,JNJ,0.293664137214041
2025-02-25,JPM,0.0
2025-02-25,META,0.0
2025-02-25,MSFT,0.2500095079107622
2025-02-25,NVDA,0.04939812329885876
2025-02-25,TSLA,0.0
2025-02-25,V,0.17338302562924715
2025-02-26,AAPL,0.2956017758564078
2025-02-26,AMZN,0.019565212411119894
2025-02-26,GOOGL,0.0
2025-02-26,JNJ,0.12644492338646773
2025-02-26,JPM,0.0
2025-02-26,META,0.0
2025-02-26,MSFT,0.31420350579535705
2025-02-26,NVDA,0.0
2025-02-26,TSLA,0.0
2025-02-26,V,0.24418458255064746
2025-02-27,AAPL,0.22153655981209508
2025-02-27,AMZN,0.08429340687768866
2025-02-27,GOOGL,0.054563686857808984
2025-02-27,JNJ,0.17769244796893555
2025-02-27,JPM,0.0
2025-02-27,META,0.0
2025-02-27,MSFT,0.16520944952074074
2025-02-27,NVDA,0.013975597838524664
2025-02-27,TSLA,0.0
2025-02-27,V,0.2827288511242064
2025-02-28,AAPL,0.02162773726548016
2025-02-28,AMZN,0.12344204379423994
2025-02-28,GOOGL,0.02674325118914368
2025-02-28,JNJ,0.002414679543425219
2025-02-28,JPM,0.0
2025-02-28,META,0.0
2025-02-28,MSFT,0.25768160251504885
2025-02-28,NVDA,0.17256978334773565
2025-02-28,TSLA,0.0
2025-02-28,V,0.39552090234492654
2025-03-03,AAPL,0.008228241217546367
2025-03-03,AMZN,0.048796269736801685
2025-03-03,GOOGL,0.0
2025-03-03,JNJ,0.0
2025-03-03,JPM,0.048753570593504776
2025-03-03,META,0.0
2025-03-03,MSFT,0.3420010394977533
2025-03-03,NVDA,0.0
2025-03-03,TSLA,0.0
2025-03-03,V,0.5522208789543939
2025-03-04,AAPL,0.12044308660417029
2025-03-04,AMZN,0.022578277933229984
2025-03-04,GOOGL,0.0
2025-03-04,JNJ,0.023797681657161916
2025-03-04,JPM,0.10718724114709316
2025-03-04,META,0.0
2025-03-04,MSFT,0.20553681317996583
2025-03-04,NVDA,0.0
2025-03-04,TSLA,0.0
2025-03-04,V,0.5204568994783788
2025-03-05,AAPL,0.10542728820792359
2025-03-05,AMZN,0.0
2025-03-05,GOOGL,0.03236245784779452
2025-03-05,JNJ,0.19754292602664586
2025-03-05,JPM,0.05840787255945513
2025-03-05,META,0.0
2025-03-05,MSFT,0.2404511219413476
2025-03-05,NVDA,0.0
2025-03-05,TSLA,0.0
2025-03-05,V,0.36580833341683344
2025-03-06,AAPL,0.08761966652273852
2025-03-06,AMZN,0.05968111492713592
2025-03-06,GOOGL,0.18598310451110997
2025-03-06,JNJ,0.1639240488937446
2025-03-06,JPM,0.0
2025-03-06,META,0.0
2025-03-06,MSFT,0.19595938307889046
2025-03-06,NVDA,0.0
2025-03-06,TSLA,0.0
2025-03-06,V,0.30683268206638065
2025-03-07,AAPL,0.0
2025-03-07,AMZN,0.10514568692859126
2025-03-07,GOOGL,0.10170302279367488
2025-03-07,JNJ,0.13624734540262803
2025-03-07,JPM,0.0
2025-03-07,META,0.0
2025-03-07,MSFT,0.34392488628375717
2025-03-07,NVDA,0.0
2025-03-07,TSLA,0.0
2025-03-07,V,0.3129790585913487
2025-03-10,AAPL,0.0
2025-03-10,AMZN,0.0
2025-03-10,GOOGL,0.08865921172734756
2025-03-10,JNJ,0.13583957239751754
2025-03-10,JPM,0.0
2025-03-10,META,0.0
2025-03-10,MSFT,0.6682847328348507
2025-03-10,NVDA,0.04570708299650006
2025-03-10,TSLA,0.0
2025-03-10,V,0.06150940004378439
2025-03-11,AAPL,0.19252932391916253
2025-03-11,AMZN,0.0
2025-03-11,GOOGL,0.15641022967119284
2025-03-11,JNJ,0.054967333128674814
2025-03-11,JPM,0.163061444171191
2025-03-11,META,0.0
2025-03-11,MSFT,0.38116421009178864
2025-03-11,NVDA,0.0012761027688183318
2025-03-11,TSLA,0.05059135624917187
2025-03-11,V,0.0
2025-03-12,AAPL,0.0
2025-03-12,AMZN,0.0
2025-03-12,GOOGL,0.24028801255727497
2025-03-12,JNJ,0.06121168887907213
2025-03-12,JPM,0.0
2025-03-12,META,0.0
2025-03-12,MSFT,0.34064377997377476
2025-03-12,NVDA,0.0
2025-03-12,TSLA,0.0
2025-03-12,V,0.35785651858987805
2025-03-13,AAPL,0.0
2025-03-13,AMZN,0.030349804680264155
2025-03-13,GOOGL,0.08381964907211739
2025-03-13,JNJ,0.37055928555986706
2025-03-13,JPM,0.0
2025-03-13,META,0.0
2025-03-13,MSFT,0.2802748548945488
2025-03-13,NVDA,0.024242540669340853
2025-03-13,TSLA,0.0
2025-03-13,V,0.21075386512386168
2025-03-14,AAPL,0.0
2025-03-14,AMZN,0.04501299423737352
2025-03-14,GOOGL,0.2000660704401154
2025-03-14,JNJ,0.2711041571346204
2025-03-14,JPM,0.0
2025-03-14,META,0.0
2025-03-14,MSFT,0.18352701304772903
2025-03-14,NVDA,0.2518595091446014
2025-03-14,TSLA,0.0
2025-03-14,V,0.0484302559955604
2025-03-17,AAPL,0.0
2025-03-17,AMZN,0.0
2025-03-17,GOOGL,0.0
2025-03-17,JNJ,0.16545180022269185
2025-03-17,JPM,0.0
2025-03-17,META,0.0
2025-03-17,MSFT,0.12277985675660742
2025-03-17,NVDA,0.44470468477727143
2025-03-17,TSLA,0.0002551289032298835
2025-03-17,V,0.2668085293401995
2025-03-18,AAPL,0.0
2025-03-18,AMZN,0.0
2025-03-18,GOOGL,0.0
2025-03-18,JNJ,0.1835834073304519
2025-03-18,JPM,0.0
2025-03-18,META,0.0
2025-03-18,MSFT,0.2089072039139673
2025-03-18,NVDA,0.4172125273904581
2025-03-18,TSLA,0.0
2025-03-18,V,0.19029686136512264
2025-03-19,AAPL,0.0
2025-03-19,AMZN,0.0
2025-03-19,GOOGL,0.0
2025-03-19,JNJ,0.18390798294528704
2025-03-19,JPM,0.03272939495036725
2025-03-19,META,0.015622207240081712
2025-03-19,MSFT,0.2486151033019427
2025-03-19,NVDA,0.15758689128784054
2025-03-19,TSLA,0.0
2025-03-19,V,0.36153842027448085
2025-03-20,AAPL,0.0
2025-03-20,AMZN,0.0
2025-03-20,GOOGL,0.0
2025-03-20,JNJ,0.1419881789800612
2025-03-20,JPM,0.0
2025-03-20,META,0.049474510068876966
2025-03-20,MSFT,0.35687235834704345
2025-03-20,NVDA,0.0
2025-03-20,TSLA,0.0
2025-03-20,V,0.45166495260401834
2025-03-21,AAPL,0.0
2025-03-21,AMZN,0.0
2025-03-21,GOOGL,0.0
2025-03-21,JNJ,0.0
2025-03-21,JPM,0.0
2025-03-21,META,0.0
2025-03-21,MSFT,0.32106013965565094
2025-03-21,NVDA,0.0
2025-03-21,TSLA,0.0
2025-03-21,V,0.678939860344349
2025-03-24,AAPL,0.0
2025-03-24,AMZN,0.0
2025-03-24,GOOGL,0.0
2025-03-24,JNJ,0.0
2025-03-24,JPM,0.0
2025-03-24,META,0.0
2025-03-24,MSFT,0.2357079608046647
2025-03-24,NVDA,0.03556343140908974
2025-03-24,TSLA,0.0
2025-03-24,V,0.7287286077862455
2025-03-25,AAPL,0.1062450197710092
2025-03-25,AMZN,0.08129784051569844
2025-03-25,GOOGL,0.0
2025-03-25,JNJ,0.0
2025-03-25,JPM,0.07797090838353975
2025-03-25,META,0.0
2025-03-25,MSFT,0.3059785716325585
2025-03-25,NVDA,0.10363748571846876
2025-03-25,TSLA,0.0
2025-03-25,V,0.32487017397872525
2025-03-26,AAPL,0.1169537088366524
2025-03-26,AMZN,0.14648744848830944
2025-03-26,GOOGL,0.07612082657808174
2025-03-26,JNJ,0.27438390755065145
2025-03-26,JPM,0.02494563546233923
2025-03-26,META,0.0
2025-03-26,MSFT,0.12435872900282435
2025-03-26,NVDA,0.15528818538896486
2025-03-26,TSLA,0.08146155869217662
2025-03-26,V,0.0
2025-03-27,AAPL,0.13896903202095207
2025-03-27,AMZN,0.0461483181480552
2025-03-27,GOOGL,0.16638792798594343
2025-03-27,JNJ,0.24934903434896266
2025-03-27,JPM,0.07067063585924693
2025-03-27,META,0.0
2025-03-27,MSFT,0.025532770748128177
2025-03-27,NVDA,0.1272592893033128
2025-03-27,TSLA,0.04390218269761534
2025-03-27,V,0.13178080888778335
2025-03-28,AAPL,0.12522906775777837
2025-03-28,AMZN,0.0
2025-03-28,GOOGL,0.1757517273175715
2025-03-28,JNJ,0.13159213285688906
2025-03-28,JPM,0.172147405182724
2025-03-28,META,0.0
2025-03-28,MSFT,0.12313622974100644
2025-03-28,NVDA,0.012625744007459005
2025-03-28,TSLA,0.0
2025-03-28,V,0.25951769313657164
2025-03-31,AAPL,0.18157194031489168
2025-03-31,AMZN,0.0
2025-03-31,GOOGL,0.03971913219511758
2025-03-31,JNJ,0.14415252517238114
2025-03-31,JPM,0.0
2025-03-31,META,0.05348612459090012
2025-03-31,MSFT,0.1358517686381206
2025-03-31,NVDA,0.003946295769582892
2025-03-31,TSLA,0.0
2025-03-31,V,0.4412722133190059
2025-04-01,AAPL,0.0
2025-04-01,AMZN,0.012924195623552284
2025-04-01,GOOGL,0.0
2025-04-01,JNJ,0.0
2025-04-01,JPM,0.02835841949586376
2025-04-01,META,0.05551662349894334
2025-04-01,MSFT,0.3544867773673504
2025-04-01,NVDA,0.0
2025-04-01,TSLA,0.0
2025-04-01,V,0.5487139840142903
2025-04-02,AAPL,0.08541578192345844
2025-04-02,AMZN,0.01595577781411829
2025-04-02,GOOGL,0.0
2025-04-02,JNJ,0.6402082553915871
2025-04-02,JPM,0.0
2025-04-02,META,0.0
2025-04-02,MSFT,0.027647078563346417
2025-04-02,NVDA,0.034911658739500556
2025-04-02,TSLA,0.003602019946910885
2025-04-02,V,0.1922594276210783
2025-04-03,AAPL,0.1666428301331841
2025-04-03,AMZN,0.0
2025-04-03,GOOGL,0.10716547397381693
2025-04-03,JNJ,0.0
2025-04-03,JPM,0.11305040702545358
2025-04-03,META,0.0
2025-04-03,MSFT,0.10062328615261032
2025-04-03,NVDA,0.1300904779999451
2025-04-03,TSLA,0.03999254981092365
2025-04-03,V,0.3424349749040664
2025-04-04,AAPL,0.35812657928087
2025-04-04,AMZN,0.19533732875606388
2025-04-04,GOOGL,0.0
2025-04-04,JNJ,0.0
2025-04-04,JPM,0.2766637546995101
2025-04-04,META,0.058702939168451845
2025-04-04,MSFT,0.0
2025-04-04,NVDA,0.11116939809510411
2025-04-04,TSLA,0.0
2025-04-04,V,0.0
2025-04-07,AAPL,0.0
2025-04-07,AMZN,0.0
2025-04-07,GOOGL,0.0
2025-04-07,JNJ,0.2729550066966203
2025-04-07,JPM,0.1086884988767258
2025-04-07,META,0.18262899509730615
2025-04-07,MSFT,0.07001865520358143
2025-04-07,NVDA,0.08771543205568533
2025-04-07,TSLA,0.006646014528693869
2025-04-07,V,0.27134739754138704
2025-04-08,AAPL,0.0
2025-04-08,AMZN,0.0
2025-04-08,GOOGL,0.0
2025-04-08,JNJ,0.0
2025-04-08,JPM,0.0
2025-04-08,META,0.26949726912185273
2025-04-08,MSFT,0.37000976737073304
2025-04-08,NVDA,0.0
2025-04-08,TSLA,0.0
2025-04-08,V,0.3604929635074143
2025-04-09,AAPL,0.0
2025-04-09,AMZN,0.0
2025-04-09,GOOGL,0.0
2025-04-09,JNJ,0.0
2025-04-09,JPM,0.15530385672023317
2025-04-09,META,0.20962647276481028
2025-04-09,MSFT,0.47332267777439874
2025-04-09,NVDA,0.0
2025-04-09,TSLA,0.0
2025-04-09,V,0.16174699274055776
2025-04-10,AAPL,0.0
2025-04-10,AMZN,0.084903027416684
2025-04-10,GOOGL,0.3165161570918512
2025-04-10,JNJ,0.0
2025-04-10,JPM,0.24886937408104207
2025-04-10,META,0.0
2025-04-10,MSFT,0.0
2025-04-10,NVDA,0.3497114414104227
2025-04-10,TSLA,0.0
2025-04-10,V,0.0
2025-04-11,AAPL,0.0
2025-04-11,AMZN,0.04159426764351938
2025-04-11,GOOGL,0.2100170014059697
2025-04-11,JNJ,0.14352335270469585
2025-04-11,JPM,0.22629753422507884
2025-04-11,META,0.0
2025-04-11,MSFT,0.0
2025-04-11,NVDA,0.18429138999943137
2025-04-11,TSLA,0.0
2025-04-11,V,0.19427645402130497
2025-04-14,AAPL,0.0
2025-04-14,AMZN,0.0
2025-04-14,GOOGL,0.18592547905558468
2025-04-14,JNJ,0.22459108285801563
2025-04-14,JPM,0.00291053986443319
2025-04-14,META,0.028763864200956564
2025-04-14,MSFT,0.11475295207807684
2025-04-14,NVDA,0.14396062288104752
2025-04-14,TSLA,0.0
2025-04-14,V,0.2990954590618856
2025-04-15,AAPL,0.0
2025-04-15,AMZN,0.0
2025-04-15,GOOGL,0.06591192463975569
2025-04-15,JNJ,0.07327259225356353
2025-04-15,JPM,0.0
2025-04-15,META,0.21266276603351128
2025-04-15,MSFT,0.26062652389188296
2025-04-15,NVDA,0.0
2025-04-15,TSLA,0.0
2025-04-15,V,0.3875261931812865
2025-04-16,AAPL,0.0
2025-04-16,AMZN,0.0
2025-04-16,GOOGL,0.0
2025-04-16,JNJ,0.3517937772908792
2025-04-16,JPM,0.0
2025-04-16,META,0.1866832817206472
2025-04-16,MSFT,0.29817994637477985
2025-04-16,NVDA,0.0
2025-04-16,TSLA,0.0
2025-04-16,V,0.16334299461369375
2025-04-17,AAPL,0.010796765732481771
2025-04-17,AMZN,0.0
2025-04-17,GOOGL,0.0
2025-04-17,JNJ,0.3351052911521562
2025-04-17,JPM,0.0
2025-04-17,META,0.17883319667099878
2025-04-17,MSFT,0.2192244811753769
2025-04-17,NVDA,0.035558621249225944
2025-04-17,TSLA,0.021755274949244518
2025-04-17,V,0.19872636907051577
2025-04-21,AAPL,0.0
2025-04-21,AMZN,0.0
2025-04-21,GOOGL,0.0
2025-04-21,JNJ,0.0
2025-04-21,JPM,0.0
2025-04-21,META,0.31236889105778176
2025-04-21,MSFT,0.0
2025-04-21,NVDA,0.31407071358390976
2025-04-21,TSLA,0.0
2025-04-21,V,0.37356039535830854
2025-04-22,AAPL,0.0
2025-04-22,AMZN,0.04183571722987269
2025-04-22,GOOGL,0.15008521649171114
2025-04-22,JNJ,0.21797489139876833
2025-04-22,JPM,0.13104165076031385
2025-04-22,META,0.1859577578463662
2025-04-22,MSFT,0.0
2025-04-22,NVDA,0.08806827873553236
2025-04-22,TSLA,0.0011199240924898188
2025-04-22,V,0.18391656344494556
2025-04-23,AAPL,0.0
2025-04-23,AMZN,0.0
2025-04-23,GOOGL,0.20267133381509694
2025-04-23,JNJ,0.2872213400959368
2025-04-23,JPM,0.1956779538926349
2025-04-23,META,0.17130092490742188
2025-04-23,MSFT,0.1431284472889095
2025-04-23,NVDA,0.0
2025-04-23,TSLA,0.0
2025-04-23,V,0.0
2025-04-24,AAPL,0.28966419212723205
2025-04-24,AMZN,0.055397209449270804
2025-04-24,GOOGL,0.10684355121090051
2025-04-24,JNJ,0.1539969349046029
2025-04-24,JPM,0.21040086545933936
2025-04-24,META,0.0
2025-04-24,MSFT,0.0
2025-04-24,NVDA,0.003685575401273063
2025-04-24,TSLA,0.0
2025-04-24,V,0.18001167144738145
2025-04-25,AAPL,0.06718003065055976
2025-04-25,AMZN,0.21876859378928015
2025-04-25,GOOGL,0.0
2025-04-25,JNJ,0.0
2025-04-25,JPM,0.11522728755738794
2025-04-25,META,0.0
2025-04-25,MSFT,0.0
2025-04-25,NVDA,0.15048077581123837
2025-04-25,TSLA,0.0
2025-04-25,V,0.4483433121915338
2025-04-28,AAPL,0.1358986050566791
2025-04-28,AMZN,0.2037093330116233
2025-04-28,GOOGL,0.03310255805190013
2025-04-28,JNJ,0.12129532778091602
2025-04-28,JPM,0.049454972885901165
2025-04-28,META,0.0
2025-04-28,MSFT,0.06681862691783451
2025-04-28,NVDA,0.194437713528185
2025-04-28,TSLA,0.0
2025-04-28,V,0.19528286276696072
2025-04-29,AAPL,0.12337334131078609
2025-04-29,AMZN,0.009120522576206666
2025-04-29,GOOGL,0.06306328107240722
2025-04-29,JNJ,0.32083607150881627
2025-04-29,JPM,0.0
2025-04-29,META,0.0
2025-04-29,MSFT,0.20123671261043746
2025-04-29,NVDA,0.2694687291035567
2025-04-29,TSLA,0.012901341817789506
2025-04-29,V,0.0
2025-04-30,AAPL,0.14244945773106604
2025-04-30,AMZN,0.0
2025-04-30,GOOGL,0.13166013010432723
2025-04-30,JNJ,0.30807308620569207
2025-04-30,JPM,0.0
2025-04-30,META,0.05916412990451565
2025-04-30,MSFT,0.2003869287728741
2025-04-30,NVDA,0.14973684847862045
2025-04-30,TSLA,0.008529418802904434
2025-04-30,V,0.0
2025-05-01,AAPL,0.12274359703821568
2025-05-01,AMZN,0.0
2025-05-01,GOOGL,0.0
2025-05-01,JNJ,0.0
2025-05-01,JPM,0.0
2025-05-01,META,0.17235969844788024
2025-05-01,MSFT,0.19915329764539685
2025-05-01,NVDA,0.0
2025-05-01,TSLA,0.0
2025-05-01,V,0.5057434068685073
2025-05-02,AAPL,0.3236422641464442
2025-05-02,AMZN,0.020232278430972233
2025-05-02,GOOGL,0.0
2025-05-02,JNJ,0.009854154444773361
2025-05-02,JPM,0.10689897986316102
2025-05-02,META,0.0
2025-05-02,MSFT,0.0
2025-05-02,NVDA,0.0
2025-05-02,TSLA,0.0
2025-05-02,V,0.5393723231146492
2025-05-05,AAPL,0.3807267852891355
2025-05-05,AMZN,0.1587170524519539
2025-05-05,GOOGL,0.004008939214667842
2025-05-05,JNJ,0.0
2025-05-05,JPM,0.3218816066724218
2025-05-05,META,0.0
2025-05-05,MSFT,0.01713464332317912
2025-05-05,NVDA,0.03782562791932994
2025-05-05,TSLA,0.0
2025-05-05,V,0.07970534512931193
2025-05-06,AAPL,0.05375448763575831
2025-05-06,AMZN,0.14483810573065412
2025-05-06,GOOGL,0.13229142914188222
2025-05-06,JNJ,0.17657751670280614
2025-05-06,JPM,0.20617428107003344
2025-05-06,META,0.0
2025-05-06,MSFT,0.15329913665846173
2025-05-06,NVDA,0.13272209863455278
2025-05-06,TSLA,0.00034294442585117727
2025-05-06,V,0.0
2025-05-07,AAPL,0.0
2025-05-07,AMZN,0.0
2025-05-07,GOOGL,0.28956710527779783
2025-05-07,JNJ,0.0
2025-05-07,JPM,0.19324540757975656
2025-05-07,META,0.0
2025-05-07,MSFT,0.3666733553396155
2025-05-07,NVDA,0.15051413180283005
2025-05-07,TSLA,0.0
2025-05-07,V,0.0
2025-05-08,AAPL,0.0
2025-05-08,AMZN,0.0
2025-05-08,GOOGL,0.40749955056032494
2025-05-08,JNJ,0.0
2025-05-08,JPM,0.07753789817922187
2025-05-08,META,0.0
2025-05-08,MSFT,0.3407992797254022
2025-05-08,NVDA,0.04809371271266408
2025-05-08,TSLA,0.0
2025-05-08,V,0.12606955882238688
2025-05-09,AAPL,0.0
2025-05-09,AMZN,0.0
2025-05-09,GOOGL,0.0
2025-05-09,JNJ,0.18205461550944074
2025-05-09,JPM,0.0373550947985446
2025-05-09,META,0.0
2025-05-09,MSFT,0.292921732815265
2025-05-09,NVDA,0.09240218966347734
2025-05-09,TSLA,0.0
2025-05-09,V,0.3952663672132722
2025-05-12,AAPL,0.05487539885300859
2025-05-12,AMZN,0.14683440497919145
2025-05-12,GOOGL,0.0
2025-05-12,JNJ,0.44319269735124966
2025-05-12,JPM,0.0076523740373154025
2025-05-12,META,0.0
2025-05-12,MSFT,0.0
2025-05-12,NVDA,0.0809858247400865
2025-05-12,TSLA,0.012983466634577426
2025-05-12,V,0.253475833404571
2025-05-13,AAPL,0.1263363115454101
2025-05-13,AMZN,0.26547011403632226
2025-05-13,GOOGL,0.044004492975642906
2025-05-13,JNJ,0.0
2025-05-13,JPM,0.006514332705800808
2025-05-13,META,0.0
2025-05-13,MSFT,0.0
2025-05-13,NVDA,0.13375929505661602
2025-05-13,TSLA,0.04395283657923511
2025-05-13,V,0.3799626171009726
2025-05-14,AAPL,0.2531781415391367
2025-05-14,AMZN,0.18678866524360643
2025-05-14,GOOGL,0.01186456867022554
2025-05-14,JNJ,0.16752931839043345
2025-05-14,JPM,0.04943608883907383
2025-05-14,META,0.0
2025-05-14,MSFT,0.010958283874983253
2025-05-14,NVDA,0.08169399969689504
2025-05-14,TSLA,0.009089046057050975
2025-05-14,V,0.22946188768859488
2025-05-15,AAPL,0.21281938501074707
2025-05-15,AMZN,0.17190855159409738
2025-05-15,GOOGL,0.03238525010246273
2025-05-15,JNJ,0.06934819269661774
2025-05-15,JPM,0.06413774036232059
2025-05-15,META,0.0
2025-05-15,MSFT,0.054275963770684214
2025-05-15,NVDA,0.12252376338128526
2025-05-15,TSLA,0.0024759059726703237
2025-05-15,V,0.27012524710911473
2025-05-16,AAPL,0.0
2025-05-16,AMZN,0.005022111859559802
2025-05-16,GOOGL,0.23161026060643614
2025-05-16,JNJ,0.16483136070949939
2025-05-16,JPM,0.13292490115530647
2025-05-16,META,0.0
2025-05-16,MSFT,0.08308445656517281
2025-05-16,NVDA,0.1599799796591833
2025-05-16,TSLA,0.014470476135878724
2025-05-16,V,0.20807645330896316
2025-05-19,AAPL,0.0
2025-05-19,AMZN,0.0
2025-05-19,GOOGL,0.18026317501477054
2025-05-19,JNJ,0.20490921754818264
2025-05-19,JPM,0.048321155828952515
2025-05-19,META,0.0
2025-05-19,MSFT,0.18493819760804786
2025-05-19,NVDA,0.1257272176566523
2025-05-19,TSLA,0.0
2025-05-19,V,0.255841036343394
2025-05-20,AAPL,0.0
2025-05-20,AMZN,0.026800789026963475
2025-05-20,GOOGL,0.1149142547055316
2025-05-20,JNJ,0.22751203600168202
2025-05-20,JPM,0.004696782520241324
2025-05-20,META,0.0
2025-05-20,MSFT,0.24126859646949148
2025-05-20,NVDA,0.03957003357892934
2025-05-20,TSLA,0.01715302829158941
2025-05-20,V,0.32808447940557134
2025-05-21,AAPL,0.0
2025-05-21,AMZN,0.19401472717101206
2025-05-21,GOOGL,0.0
2025-05-21,JNJ,0.25498118546410187
2025-05-21,JPM,0.0
2025-05-21,META,0.0
2025-05-21,MSFT,0.14988686292595396
2025-05-21,NVDA,0.06864781144978051
2025-05-21,TSLA,0.0015206041552774793
2025-05-21,V,0.33094880883387406
2025-05-22,AAPL,0.11616162970002247
2025-05-22,AMZN,0.11656016377551587
2025-05-22,GOOGL,0.0
2025-05-22,JNJ,0.0
2025-05-22,JPM,0.0
2025-05-22,META,0.0
2025-05-22,MSFT,0.22113721746761833
2025-05-22,NVDA,0.04328569011210172
2025-05-22,TSLA,0.0021353854418196816
2025-05-22,V,0.5007199135029219
2025-05-23,AAPL,0.05185056188555177
2025-05-23,AMZN,0.0
2025-05-23,GOOGL,0.11712541428856327
2025-05-23,JNJ,0.0
2025-05-23,JPM,0.006054891593864051
2025-05-23,META,0.0
2025-05-23,MSFT,0.352781411768892
2025-05-23,NVDA,0.05853182604081543
2025-05-23,TSLA,0.0
2025-05-23,V,0.41365589442231343
2025-05-27,AAPL,0.0
2025-05-27,AMZN,0.0
2025-05-27,GOOGL,0.4752576084223537
2025-05-27,JNJ,0.0
2025-05-27,JPM,0.11318349551463529
2025-05-27,META,0.0
2025-05-27,MSFT,0.3222650014571861
2025-05-27,NVDA,0.06816168087157115
2025-05-27,TSLA,0.008086713570022701
2025-05-27,V,0.013045500164230969
2025-05-28,AAPL,0.0
2025-05-28,AMZN,0.09911321648847374
2025-05-28,GOOGL,0.3383672386054475
2025-05-28,JNJ,0.0
2025-05-28,JPM,0.2325760930146262
2025-05-28,META,0.0
2025-05-28,MSFT,0.22659888844903925
2025-05-28,NVDA,0.10334456344241327
2025-05-28,TSLA,0.0
2025-05-28,V,0.0
2025-05-29,AAPL,0.01892714955872583
2025-05-29,AMZN,0.10760828904733793
2025-05-29,GOOGL,0.11643283273427656
2025-05-29,JNJ,0.2843126826108051
2025-05-29,JPM,0.13556825215280743
2025-05-29,META,0.0
2025-05-29,MSFT,0.2276176087548867
2025-05-29,NVDA,0.07910917022491623
2025-05-29,TSLA,0.030424014916244226
2025-05-29,V,0.0
2025-05-30,AAPL,0.1850363518522606
2025-05-30,AMZN,0.05445061216843417
2025-05-30,GOOGL,0.027650959202158584
2025-05-30,JNJ,0.2708039894452777
2025-05-30,JPM,0.022976250657259844
2025-05-30,META,0.0
2025-05-30,MSFT,0.27098575691801674
2025-05-30,NVDA,0.10698034560293412
2025-05-30,TSLA,0.021772350238644204
2025-05-30,V,0.039343383915013894
2025-06-02,AAPL,0.07756969911012739
2025-06-02,AMZN,0.07943182542610264
2025-06-02,GOOGL,0.08543936548648308
2025-06-02,JNJ,0.0
2025-06-02,JPM,0.0
2025-06-02,META,0.0
2025-06-02,MSFT,0.15234800078872282
2025-06-02,NVDA,0.13629232370319322
2025-06-02,TSLA,0.016412667896309175
2025-06-02,V,0.45250611758906173
2025-06-03,AAPL,0.061362118948980235
2025-06-03,AMZN,0.07652731912193159
2025-06-03,GOOGL,0.14507934363817737
2025-06-03,JNJ,0.12285263578216782
2025-06-03,JPM,0.0
2025-06-03,META,0.0
2025-06-03,MSFT,0.21585448244862396
2025-06-03,NVDA,0.06818188570105349
2025-06-03,TSLA,0.0
2025-06-03,V,0.3101422143590656
2025-06-04,AAPL,0.1623950218817697
2025-06-04,AMZN,0.14061988383974763
2025-06-04,GOOGL,0.11504380373929993
2025-06-04,JNJ,0.17241899885171344
2025-06-04,JPM,0.015061424767903732
2025-06-04,META,0.0
2025-06-04,MSFT,0.20319838679370533
2025-06-04,NVDA,0.039398650021102086
2025-06-04,TSLA,0.0
2025-06-04,V,0.15186383010475818
2025-06-05,AAPL,0.17683637452535833
2025-06-05,AMZN,0.11789907887258352
2025-06-05,GOOGL,0.11126062384494606
2025-06-05,JNJ,0.22564718250602794
2025-06-05,JPM,0.0
2025-06-05,META,0.0
2025-06-05,MSFT,0.20661214462969826
2025-06-05,NVDA,0.06337800644770372
2025-06-05,TSLA,0.010036975612746846
2025-06-05,V,0.08832961356093529
2025-06-06,AAPL,0.12094189435815454
2025-06-06,AMZN,0.1582635200209052
2025-06-06,GOOGL,0.08882368002159412
2025-06-06,JNJ,0.10275059463474623
2025-06-06,JPM,0.0
2025-06-06,META,0.0
2025-06-06,MSFT,0.20782355325306096
2025-06-06,NVDA,0.11852852215749828
2025-06-06,TSLA,0.0
2025-06-06,V,0.20286823555404065
2025-06-09,AAPL,0.0016431816087156823
2025-06-09,AMZN,0.15472547427344385
2025-06-09,GOOGL,0.1346918075528356
2025-06-09,JNJ,0.12747799819934943
2025-06-09,JPM,0.0018542354983948194
2025-06-09,META,0.0
2025-06-09,MSFT,0.2750228196539626
2025-06-09,NVDA,0.0997312196994518
2025-06-09,TSLA,0.0
2025-06-09,V,0.2048532635138462
2025-06-10,AAPL,0.07824235089677359
2025-06-10,AMZN,0.1338915956257126
2025-06-10,GOOGL,0.15452314122182878
2025-06-10,JNJ,0.17762021675352618
2025-06-10,JPM,0.07243032656836412
2025-06-10,META,0.0
2025-06-10,MSFT,0.19227355603913301
2025-06-10,NVDA,0.05424181648954295
2025-06-10,TSLA,0.0
2025-06-10,V,0.13677699640511873
2025-06-11,AAPL,0.07176876141261786
2025-06-11,AMZN,0.15995415044482686
2025-06-11,GOOGL,0.12259829595767416
2025-06-11,JNJ,0.08957137466608449
2025-06-11,JPM,0.0945843229773642
2025-06-11,META,0.0
2025-06-11,MSFT,0.3306000723550591
2025-06-11,NVDA,0.0600287322090306
2025-06-11,TSLA,0.00403951695475147
2025-06-11,V,0.06685477302259134
2025-06-12,AAPL,0.08981880763997452
2025-06-12,AMZN,0.14602857550759793
2025-06-12,GOOGL,0.17857607604505568
2025-06-12,JNJ,0.07671277362951648
2025-06-12,JPM,0.056882502128677126
2025-06-12,META,0.0
2025-06-12,MSFT,0.29112611448784304
2025-06-12,NVDA,0.06539118177429461
2025-06-12,TSLA,0.051518399586233984
2025-06-12,V,0.04394556920080664
2025-06-13,AAPL,0.07241329582644479
2025-06-13,AMZN,0.09960624510596733
2025-06-13,GOOGL,0.14334092964125716
2025-06-13,JNJ,0.0
2025-06-13,JPM,0.0
2025-06-13,META,0.0
2025-06-13,MSFT,0.2940712757203752
2025-06-13,NVDA,0.03812276106340881
2025-06-13,TSLA,0.029862196093004296
2025-06-13,V,0.3225832965495423
2025-06-16,AAPL,0.038474177228999366
2025-06-16,AMZN,0.07217459712969429
2025-06-16,GOOGL,0.024980722171401046
2025-06-16,JNJ,0.0
2025-06-16,JPM,0.0
2025-06-16,META,0.0
2025-06-16,MSFT,0.28419305509302684
2025-06-16,NVDA,0.0620954327423007
2025-06-16,TSLA,0.0
2025-06-16,V,0.5180820156345777
2025-06-17,AAPL,0.05955168584783699
2025-06-17,AMZN,0.1569382477603504
2025-06-17,GOOGL,0.04158418674994197
2025-06-17,JNJ,0.0
2025-06-17,JPM,0.030805702376202584
2025-06-17,META,0.0
2025-06-17,MSFT,0.34177031790689516
2025-06-17,NVDA,0.046466321528218175
2025-06-17,TSLA,0.010630362404091015
2025-06-17,V,0.31225317542646375
2025-06-18,AAPL,0.09742150914542845
2025-06-18,AMZN,0.18158626838064432
2025-06-18,GOOGL,0.12066295831115031
2025-06-18,JNJ,0.10429972239147949
2025-06-18,JPM,0.15721349385186692
2025-06-18,META,0.0
2025-06-18,MSFT,0.2920104865870637
2025-06-18,NVDA,0.04122013239546125
2025-06-18,TSLA,0.0055854289369053995
2025-06-18,V,0.0
2025-06-20,AAPL,0.0
2025-06-20,AMZN,0.12083310680444542
2025-06-20,GOOGL,0.1833854184897972
2025-06-20,JNJ,0.0
2025-06-20,JPM,0.13970123856419897
2025-06-20,META,0.0
2025-06-20,MSFT,0.2880010478614041
2025-06-20,NVDA,0.03765680004743905
2025-06-20,TSLA,0.0
2025-06-20,V,0.23042238823271524
2025-06-23,AAPL,0.0
2025-06-23,AMZN,0.0492953831491533
2025-06-23,GOOGL,0.1474536182291548
2025-06-23,JNJ,0.0
2025-06-23,JPM,0.22769354766013328
2025-06-23,META,0.0
2025-06-23,MSFT,0.34422551395693046
2025-06-23,NVDA,0.02706692709557954
2025-06-23,TSLA,0.0
2025-06-23,V,0.20426500990904875
2025-06-24,AAPL,0.21045613080414577
2025-06-24,AMZN,0.12513139760163142
2025-06-24,GOOGL,0.017577352420178178
2025-06-24,JNJ,0.0350311332221198
2025-06-24,JPM,0.1508752228287285
2025-06-24,META,0.0
2025-06-24,MSFT,0.3124466148917283
2025-06-24,NVDA,0.05944391901155486
2025-06-24,TSLA,0.0
2025-06-24,V,0.08903822921991313
2025-06-25,AAPL,0.2186607173363947
2025-06-25,AMZN,0.1181033220587729
2025-06-25,GOOGL,0.028751413124049243
2025-06-25,JNJ,0.15028192400016344
2025-06-25,JPM,0.06624647479988187
2025-06-25,META,0.0
2025-06-25,MSFT,0.2499791092231895
2025-06-25,NVDA,0.051103523452171486
2025-06-25,TSLA,0.02349856597918016
2025-06-25,V,0.09337495002619677
2025-06-26,AAPL,0.04817305395821166
2025-06-26,AMZN,0.11455977645093371
2025-06-26,GOOGL,0.07878021411356752
2025-06-26,JNJ,0.24560831477860243
2025-06-26,JPM,0.0035404000415720153
2025-06-26,META,0.0
2025-06-26,MSFT,0.1970324168474921
2025-06-26,NVDA,0.060157821114925264
2025-06-26,TSLA,0.0
2025-06-26,V,0.25214800269469523
2025-06-27,AAPL,0.015531224315087687
2025-06-27,AMZN,0.11074458382755309
2025-06-27,GOOGL,0.17078179250652623
2025-06-27,JNJ,0.1570652405862189
2025-06-27,JPM,0.03416116097836606
2025-06-27,META,0.0
2025-06-27,MSFT,0.2365048971595809
2025-06-27,NVDA,0.11104369075022923
2025-06-27,TSLA,0.0
2025-06-27,V,0.16416740987643788
2025-06-30,AAPL,0.02360269703944122
2025-06-30,AMZN,0.14337706504023803
2025-06-30,GOOGL,0.12571945121576406
2025-06-30,JNJ,0.0
2025-06-30,JPM,0.15627232293661542
2025-06-30,META,0.0
2025-06-30,MSFT,0.35438566734822363
2025-06-30,NVDA,0.09140091737503131
2025-06-30,TSLA,0.0
2025-06-30,V,0.10524187904468646
2025-07-01,AAPL,0.06457069685257644
2025-07-01,AMZN,0.1930226598297357
2025-07-01,GOOGL,0.1767949234517069
2025-07-01,JNJ,0.0
2025-07-01,JPM,0.140242994824785
2025-07-01,META,0.0
2025-07-01,MSFT,0.2667588763433481
2025-07-01,NVDA,0.059694090855184456
2025-07-01,TSLA,0.0
2025-07-01,V,0.09891575784266352
2025-07-02,AAPL,0.13854034674106563
2025-07-02,AMZN,0.10029359702591926
2025-07-02,GOOGL,0.11578468591769146
2025-07-02,JNJ,0.0
2025-07-02,JPM,0.07743878873786175
2025-07-02,META,0.0
2025-07-02,MSFT,0.30125452144212356
2025-07-02,NVDA,0.04628388607462145
2025-07-02,TSLA,0.0
2025-07-02,V,0.2204041740607168
2025-07-03,AAPL,0.210350661064335
2025-07-03,AMZN,0.08649309959316943
2025-07-03,GOOGL,0.06987398722653515
2025-07-03,JNJ,0.14450992625823844
2025-07-03,JPM,0.0561008496455672
2025-07-03,META,0.0
2025-07-03,MSFT,0.29480777155500687
2025-07-03,NVDA,0.03238439542461952
2025-07-03,TSLA,0.0
2025-07-03,V,0.10547930923252835
2025-07-07,AAPL,0.31252865887603054
2025-07-07,AMZN,0.09334218757303628
2025-07-07,GOOGL,0.06302525846050737
2025-07-07,JNJ,0.2041801528930027
2025-07-07,JPM,0.0
2025-07-07,META,0.0
2025-07-07,MSFT,0.20119250572708625
2025-07-07,NVDA,0.05307065778002425
2025-07-07,TSLA,0.0
2025-07-07,V,0.0726605786903125
2025-07-08,AAPL,0.1525079133568406
2025-07-08,AMZN,0.1396721317494435
2025-07-08,GOOGL,0.0940788177664945
2025-07-08,JNJ,0.19065218732967862
2025-07-08,JPM,0.07868798272113066
2025-07-08,META,0.0
2025-07-08,MSFT,0.19828863668828733
2025-07-08,NVDA,0.0536937678668901
2025-07-08,TSLA,0.0
2025-07-08,V,0.09241856252123475
2025-07-09,AAPL,0.0702657231400045
2025-07-09,AMZN,0.17901668932733966
2025-07-09,GOOGL,0.11160456078830623
2025-07-09,JNJ,0.0
2025-07-09,JPM,0.1417515999853004
2025-07-09,META,0.0
2025-07-09,MSFT,0.25055663813025214
2025-07-09,NVDA,0.046894212257211104
2025-07-09,TSLA,0.0
2025-07-09,V,0.19991057637158602
2025-07-10,AAPL,0.08852472543309076
2025-07-10,AMZN,0.16225912713429153
2025-07-10,GOOGL,0.14019053800322656
2025-07-10,JNJ,0.0
2025-07-10,JPM,0.04776950248632208
2025-07-10,META,0.0
2025-07-10,MSFT,0.26631539775214175
2025-07-10,NVDA,0.06445309077164911
2025-07-10,TSLA,0.0
2025-07-10,V,0.2304876184192783
2025-07-11,AAPL,0.13586209782436715
2025-07-11,AMZN,0.128043298100999
2025-07-11,GOOGL,0.11748554982112515
2025-07-11,JNJ,0.012190586074191876
2025-07-11,JPM,0.022081083309398397
2025-07-11,META,0.0
2025-07-11,MSFT,0.3157551938644533
2025-07-11,NVDA,0.04286858149817577
2025-07-11,TSLA,0.0
2025-07-11,V,0.22571360950728953
2025-07-14,AAPL,0.1486219164064364
2025-07-14,AMZN,0.08192178215022082
2025-07-14,GOOGL,0.1108706730389836
2025-07-14,JNJ,0.0
2025-07-14,JPM,0.020294742931633525
2025-07-14,META,0.0
2025-07-14,MSFT,0.29585913627990845
2025-07-14,NVDA,0.036739543585010075
2025-07-14,TSLA,0.034299046263622096
2025-07-14,V,0.271393159344185
2025-07-15,AAPL,0.16188833549549955
2025-07-15,AMZN,0.16063809178530847
2025-07-15,GOOGL,0.09789480928032794
2025-07-15,JNJ,0.0
2025-07-15,JPM,0.06882471394853276
2025-07-15,META,0.0
2025-07-15,MSFT,0.3271187927097522
2025-07-15,NVDA,0.05784432756942049
2025-07-15,TSLA,0.03192751221394427
2025-07-15,V,0.09386341699721437
2025-07-16,AAPL,0.05175609314006338
2025-07-16,AMZN,0.19594627688333818
2025-07-16,GOOGL,0.1483972253116601
2025-07-16,JNJ,0.08612714522012835
2025-07-16,JPM,0.1294691753599777
2025-07-16,META,0.0
2025-07-16,MSFT,0.32976153008079356
2025-07-16,NVDA,0.03721205365654985
2025-07-16,TSLA,0.01789185479319393
2025-07-16,V,0.0034386455542949456
2025-07-17,AAPL,0.06285819997748693
2025-07-17,AMZN,0.16092633605758247
2025-07-17,GOOGL,0.1265174629702096
2025-07-17,JNJ,0.0
2025-07-17,JPM,0.1292029218161892
2025-07-17,META,0.0
2025-07-17,MSFT,0.3485647847563443
2025-07-17,NVDA,0.06480716113216159
2025-07-17,TSLA,0.0
2025-07-17,V,0.10712313329002594
2025-07-18,AAPL,0.10477799469764529
2025-07-18,AMZN,0.09426105393721837
2025-07-18,GOOGL,0.09574043477808034
2025-07-18,JNJ,0.3839273021873217
2025-07-18,JPM,0.0445097227615197
2025-07-18,META,0.0
2025-07-18,MSFT,0.16775956360344926
2025-07-18,NVDA,0.061279698621622705
2025-07-18,TSLA,0.011985486614400256
2025-07-18,V,0.035758742798742235
2025-07-21,AAPL,0.10165839414270977
2025-07-21,AMZN,0.0919373660015533
2025-07-21,GOOGL,0.06477070901494433
2025-07-21,JNJ,0.19198006713395502
2025-07-21,JPM,0.04182288943198624
2025-07-21,META,0.0
2025-07-21,MSFT,0.2729442809485648
2025-07-21,NVDA,0.06546206203494237
2025-07-21,TSLA,0.0
2025-07-21,V,0.16942423129134407
2025-07-22,AAPL,0.10452903649963598
2025-07-22,AMZN,0.14884225205832033
2025-07-22,GOOGL,0.05966195270303776
2025-07-22,JNJ,0.08959393419106988
2025-07-22,JPM,0.0
2025-07-22,META,0.0
2025-07-22,MSFT,0.3214960939989567
2025-07-22,NVDA,0.05082173615462377
2025-07-22,TSLA,0.02401118548625284
2025-07-22,V,0.2010438089081028
2025-07-23,AAPL,0.058572964693915604
2025-07-23,AMZN,0.19384099405299252
2025-07-23,GOOGL,0.1703372203932087
2025-07-23,JNJ,0.0
2025-07-23,JPM,0.013109214519319387
2025-07-23,META,0.0
2025-07-23,MSFT,0.3530162410177163
2025-07-23,NVDA,0.029037393070383357
2025-07-23,TSLA,0.011598054784393842
2025-07-23,V,0.17048791746807038
2025-07-24,AAPL,0.10691467468061573
2025-07-24,AMZN,0.15295757727262013
2025-07-24,GOOGL,0.19335152263579733
2025-07-24,JNJ,0.0
2025-07-24,JPM,0.027279037673289545
2025-07-24,META,0.0
2025-07-24,MSFT,0.37158666486360675
2025-07-24,NVDA,0.013537721790771026
2025-07-24,TSLA,0.015532962946433502
2025-07-24,V,0.11883983813686594
2025-07-25,AAPL,0.1066254529406436
2025-07-25,AMZN,0.1412932842911954
2025-07-25,GOOGL,0.14713663586083395
2025-07-25,JNJ,0.158485770638667
2025-07-25,JPM,0.016954381332259596
2025-07-25,META,0.0
2025-07-25,MSFT,0.36156968483354
2025-07-25,NVDA,0.05308043845147929
2025-07-25,TSLA,0.014854351651381267
2025-07-25,V,0.0
2025-07-28,AAPL,0.0672701202010753
2025-07-28,AMZN,0.14808915324028157
2025-07-28,GOOGL,0.07983538869305296
2025-07-28,JNJ,0.20575227354681572
2025-07-28,JPM,0.03110037674968089
2025-07-28,META,0.0
2025-07-28,MSFT,0.28363592094448137
2025-07-28,NVDA,0.07928290563524382
2025-07-28,TSLA,0.0
2025-07-28,V,0.10503386098936837
2025-07-29,AAPL,0.08697467999346685
2025-07-29,AMZN,0.12867721514052546
2025-07-29,GOOGL,0.11898060552311251
2025-07-29,JNJ,0.13985862168399643
2025-07-29,JPM,0.03601732306516144
2025-07-29,META,0.0
2025-07-29,MSFT,0.3691640650104356
2025-07-29,NVDA,0.050375964073827224
2025-07-29,TSLA,0.0
2025-07-29,V,0.06995152550947453
2025-07-30,AAPL,0.0930044608049358
2025-07-30,AMZN,0.09998415680565041
2025-07-30,GOOGL,0.13033784515529476
2025-07-30,JNJ,0.0
2025-07-30,JPM,0.060854416552055195
2025-07-30,META,0.0
2025-07-30,MSFT,0.4202505411939154
2025-07-30,NVDA,0.032118745624455464
2025-07-30,TSLA,0.02791449643031449
2025-07-30,V,0.1355353374333785
2025-07-31,AAPL,0.051081485185252976
2025-07-31,AMZN,0.08657825301737758
2025-07-31,GOOGL,0.15649611657075804
2025-07-31,JNJ,0.0
2025-07-31,JPM,0.05611734097873116
2025-07-31,META,0.0
2025-07-31,MSFT,0.3793380653363197
2025-07-31,NVDA,0.01317183597916838
2025-07-31,TSLA,0.019771814244404606
2025-07-31,V,0.23744508868798772
2025-08-01,AAPL,0.09294643841915824
2025-08-01,AMZN,0.17721469760359793
2025-08-01,GOOGL,0.21847669938200387
2025-08-01,JNJ,0.07731547504555818
2025-08-01,JPM,0.05730771293460783
2025-08-01,META,0.0
2025-08-01,MSFT,0.09635992647771156
2025-08-01,NVDA,0.06821372812726777
2025-08-01,TSLA,0.015270459507672503
2025-08-01,V,0.19689486250242225
2025-08-04,AAPL,0.09352880881733289
2025-08-04,AMZN,0.2613848958046289
2025-08-04,GOOGL,0.12601778616677273
2025-08-04,JNJ,0.01344199962266983
2025-08-04,JPM,0.11963405136558539
2025-08-04,META,0.0
2025-08-04,MSFT,0.247497723735872
2025-08-04,NVDA,0.05467704808170971
2025-08-04,TSLA,0.0
2025-08-04,V,0.08381768640542857
2025-08-05,AAPL,0.12921150331246486
2025-08-05,AMZN,0.18529876471882278
2025-08-05,GOOGL,0.16230813286058926
2025-08-05,JNJ,0.0
2025-08-05,JPM,0.0485232996878221
2025-08-05,META,0.0
2025-08-05,MSFT,0.37599305926442017
2025-08-05,NVDA,0.07308716096866388
2025-08-05,TSLA,0.0255780791872169
2025-08-05,V,0.0
2025-08-06,AAPL,0.10630819144476017
2025-08-06,AMZN,0.06494577351081833
2025-08-06,GOOGL,0.1584916189135958
2025-08-06,JNJ,0.11944559445297284
2025-08-06,JPM,0.03786814819020322
2025-08-06,META,0.0
2025-08-06,MSFT,0.4226978788375585
2025-08-06,NVDA,0.0692674019368275
2025-08-06,TSLA,0.020975392713263485
2025-08-06,V,0.0
2025-08-07,AAPL,0.041900390927921576
2025-08-07,AMZN,0.1043614432410771
2025-08-07,GOOGL,0.19995587747189852
2025-08-07,JNJ,0.04266751941423927
2025-08-07,JPM,0.06278412745989638
2025-08-07,META,0.0
2025-08-07,MSFT,0.45658754948635205
2025-08-07,NVDA,0.0632692092941761
2025-08-07,TSLA,0.006111889060129697
2025-08-07,V,0.022361993644309252
2025-08-08,AAPL,0.21369466269294732
2025-08-08,AMZN,0.20037949463620502
2025-08-08,GOOGL,0.11586804207003318
2025-08-08,JNJ,0.0
2025-08-08,JPM,0.05389163491848262
2025-08-08,META,0.0
2025-08-08,MSFT,0.26144760276524626
2025-08-08,NVDA,0.025399031570076523
2025-08-08,TSLA,0.01277970501405692
2025-08-08,V,0.11653982633295198
2025-08-11,AAPL,0.2900494991673361
2025-08-11,AMZN,0.252969341782028
2025-08-11,GOOGL,0.07753106557249347
2025-08-11,JNJ,0.0
2025-08-11,JPM,0.041816661977506726
2025-08-11,META,0.0
2025-08-11,MSFT,0.24455888449295643
2025-08-11,NVDA,0.03756580588519883
2025-08-11,TSLA,0.007001053621200888
2025-08-11,V,0.04850768750127968
2025-08-12,AAPL,0.3408166182762821
2025-08-12,AMZN,0.16523398647187565
2025-08-12,GOOGL,0.13660774312384324
2025-08-12,JNJ,0.04412952286488892
2025-08-12,JPM,0.034989393663239984
2025-08-12,META,0.0
2025-08-12,MSFT,0.2205294462125326
2025-08-12,NVDA,0.04336985427412572
2025-08-12,TSLA,0.0050409441750133765
2025-08-12,V,0.00928249093819816
2025-08-13,AAPL,0.1219522775033215
2025-08-13,AMZN,0.15753123185530724
2025-08-13,GOOGL,0.17157184699369998
2025-08-13,JNJ,0.08833153036179045
2025-08-13,JPM,0.06263368472287342
2025-08-13,META,0.0
2025-08-13,MSFT,0.24882772814429763
2025-08-13,NVDA,0.06214090526088548
2025-08-13,TSLA,0.027963629869707865
2025-08-13,V,0.05904716528811658
2025-08-14,AAPL,0.014463923629721369
2025-08-14,AMZN,0.1412335009073667
2025-08-14,GOOGL,0.16098123109034926
2025-08-14,JNJ,0.0
2025-08-14,JPM,0.09907725728845147
2025-08-14,META,0.0
2025-08-14,MSFT,0.42276228518704884
2025-08-14,NVDA,0.04269295415818004
2025-08-14,TSLA,0.01740650994712008
2025-08-14,V,0.10138233779176219
2025-08-15,AAPL,0.11122547737476111
2025-08-15,AMZN,0.10650300529999628
2025-08-15,GOOGL,0.11868827255316645
2025-08-15,JNJ,0.016556555671971337
2025-08-15,JPM,0.0
2025-08-15,META,0.0
2025-08-15,MSFT,0.3741999351289621
2025-08-15,NVDA,0.04753951108230241
2025-08-15,TSLA,0.014761215841717319
2025-08-15,V,0.2105260270471229
2025-08-18,AAPL,0.1805941138299374
2025-08-18,AMZN,0.17847054215702365
2025-08-18,GOOGL,0.09837095977759115
2025-08-18,JNJ,0.0
2025-08-18,JPM,0.049980466842115136
2025-08-18,META,0.0
2025-08-18,MSFT,0.24940581605869175
2025-08-18,NVDA,0.030510989295418595
2025-08-18,TSLA,0.0034353401320186875
2025-08-18,V,0.2092317719072036
2025-08-19,AAPL,0.22068089263030813
2025-08-19,AMZN,0.17548357421804944
2025-08-19,GOOGL,0.12859050149369233
2025-08-19,JNJ,0.022811579728504606
2025-08-19,JPM,0.006311934212038826
2025-08-19,META,0.0
2025-08-19,MSFT,0.28917926821587775
2025-08-19,NVDA,0.023599632615013005
2025-08-19,TSLA,0.001259481470938931
2025-08-19,V,0.1320831354155771
2025-08-20,AAPL,0.21047442009068315
2025-08-20,AMZN,0.1612713939181519
2025-08-20,GOOGL,0.12420162414765677
2025-08-20,JNJ,0.0
2025-08-20,JPM,0.0
2025-08-20,META,0.0
2025-08-20,MSFT,0.38077767431245096
2025-08-20,NVDA,0.03173549987309512
2025-08-20,TSLA,0.009968342290923336
2025-08-20,V,0.08157104536703871
2025-08-21,AAPL,0.22883502360107424
2025-08-21,AMZN,0.13187049490465402
2025-08-21,GOOGL,0.1262788417560479
2025-08-21,JNJ,0.0
2025-08-21,JPM,0.033115148694421115
2025-08-21,META,0.0
2025-08-21,MSFT,0.39711811160283106
2025-08-21,NVDA,0.013409607726057324
2025-08-21,TSLA,0.007561884502542009
2025-08-21,V,0.06181088721237219
2025-08-22,AAPL,0.10464130156618007
2025-08-22,AMZN,0.13654956674614208
2025-08-22,GOOGL,0.11086392135478237
2025-08-22,JNJ,0.0005773160741850718
2025-08-22,JPM,0.07331565506288255
2025-08-22,META,0.0
2025-08-22,MSFT,0.3857702931841734
2025-08-22,NVDA,0.015535711337062021
2025-08-22,TSLA,0.00327811598676086
2025-08-22,V,0.1694681186878316
2025-08-25,AAPL,0.023835750531491836
2025-08-25,AMZN,0.2065067344020777
2025-08-25,GOOGL,0.13124954718664325
2025-08-25,JNJ,0.0
2025-08-25,JPM,0.09622894254921811
2025-08-25,META,0.0
2025-08-25,MSFT,0.3432634542618905
2025-08-25,NVDA,0.02728691657205404
2025-08-25,TSLA,0.0
2025-08-25,V,0.1716286544966244
2025-08-26,AAPL,0.08161079575844855
2025-08-26,AMZN,0.18206899810578156
2025-08-26,GOOGL,0.1653005416589016
2025-08-26,JNJ,0.03955472491039728
2025-08-26,JPM,0.08314095937137231
2025-08-26,META,0.0
2025-08-26,MSFT,0.2666088627641732
2025-08-26,NVDA,0.03561583080913462
2025-08-26,TSLA,0.010477444111724693
2025-08-26,V,0.1356218425100662
2025-08-27,AAPL,0.055261084611295606
2025-08-27,AMZN,0.14549839422734395
2025-08-27,GOOGL,0.14439502102640187
2025-08-27,JNJ,0.09669847638841397
2025-08-27,JPM,0.0172956303484018
2025-08-27,META,0.0
2025-08-27,MSFT,0.29016327205493503
2025-08-27,NVDA,0.042111525632990796
2025-08-27,TSLA,0.029112310320129408
2025-08-27,V,0.1794642853900875
2025-08-28,AAPL,0.10947998553233855
2025-08-28,AMZN,0.1385999566150875
2025-08-28,GOOGL,0.11851095095367803
2025-08-28,JNJ,0.08530884366244755
2025-08-28,JPM,0.05460983588664286
2025-08-28,META,0.0
2025-08-28,MSFT,0.2960100557037108
2025-08-28,NVDA,0.04619921459515523
2025-08-28,TSLA,0.0350489692625543
2025-08-28,V,0.11623218778838502
2025-08-29,AAPL,0.11977494857252752
2025-08-29,AMZN,0.13559946343331217
2025-08-29,GOOGL,0.07296759593443565
2025-08-29,JNJ,0.007310270759372016
2025-08-29,JPM,0.0674483793868033
2025-08-29,META,0.0
2025-08-29,MSFT,0.3661825940859798
2025-08-29,NVDA,0.05313678363519824
2025-08-29,TSLA,0.035387346410648224
2025-08-29,V,0.14219261778172307
2025-09-02,AAPL,0.16314634122748295
2025-09-02,AMZN,0.17018982270267766
2025-09-02,GOOGL,0.11156820366913567
2025-09-02,JNJ,0.0
2025-09-02,JPM,0.10857618126305901
2025-09-02,META,0.0
2025-09-02,MSFT,0.3675387590043925
2025-09-02,NVDA,0.03830437780268777
2025-09-02,TSLA,0.014043129072118415
2025-09-02,V,0.026633185258445987
2025-09-03,AAPL,0.11721359872413149
2025-09-03,AMZN,0.13745438611089514
2025-09-03,GOOGL,0.16196227445204261
2025-09-03,JNJ,0.0
2025-09-03,JPM,0.11054312970829187
2025-09-03,META,0.0
2025-09-03,MSFT,0.40801888411536985
2025-09-03,NVDA,0.005345677131477668
2025-09-03,TSLA,0.0
2025-09-03,V,0.05946204975779153
2025-09-04,AAPL,0.04562523971020295
2025-09-04,AMZN,0.1403432263349337
2025-09-04,GOOGL,0.14468795672712598
2025-09-04,JNJ,0.0
2025-09-04,JPM,0.0810645795715201
2025-09-04,META,0.0
2025-09-04,MSFT,0.4406391611362155
2025-09-04,NVDA,0.001953259204193601
2025-09-04,TSLA,0.0021451528024872568
2025-09-04,V,0.14354142451332083
2025-09-05,AAPL,0.23417893509130588
2025-09-05,AMZN,0.09656010248503656
2025-09-05,GOOGL,0.25831339670763453
2025-09-05,JNJ,0.0
2025-09-05,JPM,0.024837768696707667
2025-09-05,META,0.0
2025-09-05,MSFT,0.29059119274369966
2025-09-05,NVDA,0.0014338206360500778
2025-09-05,TSLA,0.006279392080781731
2025-09-05,V,0.08780539155878371
2025-09-08,AAPL,0.15181252421277489
2025-09-08,AMZN,0.18098149716646023
2025-09-08,GOOGL,0.1444450775268318
2025-09-08,JNJ,0.0
2025-09-08,JPM,0.08177824447840179
2025-09-08,META,0.0
2025-09-08,MSFT,0.30266283535417077
2025-09-08,NVDA,0.010333752273972192
2025-09-08,TSLA,0.0
2025-09-08,V,0.1279860689873882
2025-09-09,AAPL,0.13163223333300467
2025-09-09,AMZN,0.15744466874541688
2025-09-09,GOOGL,0.15199431639548322
2025-09-09,JNJ,0.0
2025-09-09,JPM,0.05883802579940616
2025-09-09,META,0.0
2025-09-09,MSFT,0.3970990627360122
2025-09-09,NVDA,0.022998093451469914
2025-09-09,TSLA,0.026641044347820986
2025-09-09,V,0.05335255519138592
2025-09-10,AAPL,0.10215152997175315
2025-09-10,AMZN,0.20173262240259013
2025-09-10,GOOGL,0.1021234072259827
2025-09-10,JNJ,0.0
2025-09-10,JPM,0.04763369052217332
2025-09-10,META,0.0
2025-09-10,MSFT,0.4124325079674575
2025-09-10,NVDA,0.04061383737520949
2025-09-10,TSLA,0.026612693336055475
2025-09-10,V,0.06669971119877827
2025-09-11,AAPL,0.12293311554944802
2025-09-11,AMZN,0.16694473623244022
2025-09-11,GOOGL,0.18908780936908087
2025-09-11,JNJ,0.0
2025-09-11,JPM,0.09188494194876211
2025-09-11,META,0.0
2025-09-11,MSFT,0.2688717511210062
2025-09-11,NVDA,0.04660608175857319
2025-09-11,TSLA,0.008786181050844935
2025-09-11,V,0.10488538296984454
2025-09-12,AAPL,0.09795525981895359
2025-09-12,AMZN,0.153126557500209
2025-09-12,GOOGL,0.22871632571867515
2025-09-12,JNJ,0.0
2025-09-12,JPM,0.13506014517614356
2025-09-12,META,0.0
2025-09-12,MSFT,0.2958346800481803
2025-09-12,NVDA,0.07975224591508578
2025-09-12,TSLA,0.0
2025-09-12,V,0.009554785822752517
2025-09-15,AAPL,0.1479122139947778
2025-09-15,AMZN,0.16485358821680235
2025-09-15,GOOGL,0.19983947169665597
2025-09-15,JNJ,0.046642364306815766
2025-09-15,JPM,0.15571986831758394
2025-09-15,META,0.0
2025-09-15,MSFT,0.1983002803228692
2025-09-15,NVDA,0.0757390981697023
2025-09-15,TSLA,0.0
2025-09-15,V,0.010993114974792646
2025-09-16,AAPL,0.22452507937671387
2025-09-16,AMZN,0.17705180018900898
2025-09-16,GOOGL,0.1435797615479467
2025-09-16,JNJ,0.05479703282282958
2025-09-16,JPM,0.1130033695103694
2025-09-16,META,0.0
2025-09-16,MSFT,0.24328063571388903
2025-09-16,NVDA,0.04376232083924246
2025-09-16,TSLA,0.0
2025-09-16,V,0.0
2025-09-17,AAPL,0.17156663408257639
2025-09-17,AMZN,0.1615282996001583
2025-09-17,GOOGL,0.21539684532175815
2025-09-17,JNJ,0.0
2025-09-17,JPM,0.10843192520722379
2025-09-17,META,0.0
2025-09-17,MSFT,0.2983247871202559
2025-09-17,NVDA,0.039574938344211816
2025-09-17,TSLA,0.005176570323815718
2025-09-17,V,0.0
2025-09-18,AAPL,0.1253462249426907
2025-09-18,AMZN,0.1798622714155169
2025-09-18,GOOGL,0.16095987351561006
2025-09-18,JNJ,0.0
2025-09-18,JPM,0.1115055711647425
2025-09-18,META,0.0
2025-09-18,MSFT,0.3132874591906878
2025-09-18,NVDA,0.019483340824560675
2025-09-18,TSLA,0.014876526851967994
2025-09-18,V,0.07467873209422342
2025-09-19,AAPL,0.09178616489184953
2025-09-19,AMZN,0.13593610768944692
2025-09-19,GOOGL,0.12475636641449965
2025-09-19,JNJ,0.0
2025-09-19,JPM,0.042918464785190465
2025-09-19,META,0.0
2025-09-19,MSFT,0.31221347193206506
2025-09-19,NVDA,0.009678125393368028
2025-09-19,TSLA,0.027070681449375942
2025-09-19,V,0.25564061744420447
2025-09-22,AAPL,0.04922456111611638
2025-09-22,AMZN,0.15441588817073693
2025-09-22,GOOGL,0.13497041743424157
2025-09-22,JNJ,0.0
2025-09-22,JPM,0.09268430076404426
2025-09-22,META,0.0
2025-09-22,MSFT,0.236009799697445
2025-09-22,NVDA,0.02935975411129649
2025-09-22,TSLA,0.017903997138830653
2025-09-22,V,0.28543128156728864
2025-09-23,AAPL,0.07531701733915268
2025-09-23,AMZN,0.15544734987930695
2025-09-23,GOOGL,0.1750322902985338
2025-09-23,JNJ,0.0
2025-09-23,JPM,0.13109108446271367
2025-09-23,META,0.0
2025-09-23,MSFT,0.33209917147876966
2025-09-23,NVDA,0.029145372062183473
2025-09-23,TSLA,0.0034911916781090345
2025-09-23,V,0.09837652280123077
2025-09-24,AAPL,0.1713498369112532
2025-09-24,AMZN,0.09518463095960887
2025-09-24,GOOGL,0.13110016545792869
2025-09-24,JNJ,0.0
2025-09-24,JPM,0.05646923882489931
2025-09-24,META,0.0
2025-09-24,MSFT,0.3193558424595278
2025-09-24,NVDA,0.07280377485491446
2025-09-24,TSLA,0.006926224526494671
2025-09-24,V,0.14681028600537296
2025-09-25,AAPL,0.21358844024917617
2025-09-25,AMZN,0.11044406804775739
2025-09-25,GOOGL,0.1147118769519719
2025-09-25,JNJ,0.04861294989873573
2025-09-25,JPM,0.07236201515496223
2025-09-25,META,0.0
2025-09-25,MSFT,0.3055622647941604
2025-09-25,NVDA,0.05901678702841579
2025-09-25,TSLA,0.0
2025-09-25,V,0.07570159787482043
2025-09-26,AAPL,0.10951882943257117
2025-09-26,AMZN,0.13563108441097296
2025-09-26,GOOGL,0.13821591578309117
2025-09-26,JNJ,0.0
2025-09-26,JPM,0.06790184446850622
2025-09-26,META,0.0
2025-09-26,MSFT,0.47210920017853186
2025-09-26,NVDA,0.04356389368801124
2025-09-26,TSLA,0.033059232038315234
2025-09-26,V,0.0
2025-09-29,AAPL,0.14647839410607918
2025-09-29,AMZN,0.1528768296510275
2025-09-29,GOOGL,0.15759573589090636
2025-09-29,JNJ,0.0
2025-09-29,JPM,0.11581974216820609
2025-09-29,META,0.0
2025-09-29,MSFT,0.340895775230462
2025-09-29,NVDA,0.03024411474799406
2025-09-29,TSLA,0.0
2025-09-29,V,0.05608940820532493
2025-09-30,AAPL,0.19906344431859394
2025-09-30,AMZN,0.1616595605003851
2025-09-30,GOOGL,0.13104367500981107
2025-09-30,JNJ,0.0
2025-09-30,JPM,0.10556232979582524
2025-09-30,META,0.0
2025-09-30,MSFT,0.2210204223884807
2025-09-30,NVDA,0.03404799005318016
2025-09-30,TSLA,0.0
2025-09-30,V,0.14760257793372386
2025-10-01,AAPL,0.1278600359776706
2025-10-01,AMZN,0.16073367217364862
2025-10-01,GOOGL,0.12392924033798602
2025-10-01,JNJ,0.0
2025-10-01,JPM,0.12923811931444204
2025-10-01,META,0.0
2025-10-01,MSFT,0.1936325465580859
2025-10-01,NVDA,0.044586620138152254
2025-10-01,TSLA,0.005129267156271957
2025-10-01,V,0.2148904983437425
2025-10-02,AAPL,0.057515889931783554
2025-10-02,AMZN,0.1246733533315642
2025-10-02,GOOGL,0.11202755358568844
2025-10-02,JNJ,0.0
2025-10-02,JPM,0.1843495043774368
2025-10-02,META,0.0
2025-10-02,MSFT,0.23698669368384853
2025-10-02,NVDA,0.07417792726455241
2025-10-02,TSLA,0.0
2025-10-02,V,0.21026907782512605
