date,ticker,w_BL_GRU
2025-01-17,AAPL,0.0
2025-01-17,AMZN,0.0
2025-01-17,GOOGL,0.0
2025-01-17,JNJ,0.1044412152207242
2025-01-17,JPM,0.06879828024037044
2025-01-17,META,0.07438499581849466
2025-01-17,MSFT,0.21481103881787578
2025-01-17,NVDA,0.0
2025-01-17,SPY,0.0
2025-01-17,TSLA,0.0
2025-01-17,V,0.537564469902535
2025-01-21,AAPL,0.1285289861203916
2025-01-21,AMZN,0.0
2025-01-21,GOOGL,0.0
2025-01-21,JNJ,0.2335931708960756
2025-01-21,JPM,0.02891462230982849
2025-01-21,META,0.04932980058608641
2025-01-21,MSFT,0.157774513249866
2025-01-21,NVDA,0.0
2025-01-21,SPY,0.0
2025-01-21,TSLA,0.0
2025-01-21,V,0.40185890683775194
2025-01-22,AAPL,0.08015978672562069
2025-01-22,AMZN,0.012946621887847174
2025-01-22,GOOGL,0.021240680175983444
2025-01-22,JNJ,0.1842557160238165
2025-01-22,JPM,0.07488345462187224
2025-01-22,META,0.011941406047230584
2025-01-22,MSFT,0.21000307315019479
2025-01-22,NVDA,0.0010578015991441528
2025-01-22,SPY,0.0
2025-01-22,TSLA,0.0
2025-01-22,V,0.40351145976829045
2025-01-23,AAPL,0.13124852898816106
2025-01-23,AMZN,0.03299457262602696
2025-01-23,GOOGL,0.000269068003300627
2025-01-23,JNJ,0.35041055365569873
2025-01-23,JPM,0.02916617161747546
2025-01-23,META,0.012752985998320514
2025-01-23,MSFT,0.039659318715295926
2025-01-23,NVDA,0.028360610251831165
2025-01-23,SPY,0.0
2025-01-23,TSLA,0.0
2025-01-23,V,0.37513819014388955
2025-01-24,AAPL,0.02070510270342686
2025-01-24,AMZN,0.0
2025-01-24,GOOGL,0.0
2025-01-24,JNJ,0.2261192520517265
2025-01-24,JPM,0.06563075566629561
2025-01-24,META,0.0
2025-01-24,MSFT,0.35589944799435114
2025-01-24,NVDA,0.0
2025-01-24,SPY,0.0
2025-01-24,TSLA,0.0
2025-01-24,V,0.33164544158419984
2025-01-27,AAPL,0.0
2025-01-27,AMZN,0.0
2025-01-27,GOOGL,0.0
2025-01-27,JNJ,0.20348007000103746
2025-01-27,JPM,0.07458762545039217
2025-01-27,META,0.06068906736478
2025-01-27,MSFT,0.1985390431050835
2025-01-27,NVDA,0.010749134326225445
2025-01-27,SPY,0.0
2025-01-27,TSLA,0.0
2025-01-27,V,0.4519550597524814
2025-01-28,AAPL,0.0009680296019095581
2025-01-28,AMZN,0.0
2025-01-28,GOOGL,0.028471123162871564
2025-01-28,JNJ,0.0
2025-01-28,JPM,0.03394195043979363
2025-01-28,META,0.010771236512005542
2025-01-28,MSFT,0.26821872169756567
2025-01-28,NVDA,0.0
2025-01-28,SPY,0.3764272874505628
2025-01-28,TSLA,0.0
2025-01-28,V,0.2812016511352911
2025-01-29,AAPL,0.15879921571218386
2025-01-29,AMZN,0.0
2025-01-29,GOOGL,0.04610138326280138
2025-01-29,JNJ,0.1626341750386797
2025-01-29,JPM,0.10341184025023145
2025-01-29,META,0.0
2025-01-29,MSFT,0.08318093976716584
2025-01-29,NVDA,0.0
2025-01-29,SPY,0.0
2025-01-29,TSLA,0.0
2025-01-29,V,0.4458724459689378
2025-01-30,AAPL,0.08102049409127472
2025-01-30,AMZN,0.0
2025-01-30,GOOGL,0.0
2025-01-30,JNJ,0.0
2025-01-30,JPM,0.19102717723069884
2025-01-30,META,0.07940152160023396
2025-01-30,MSFT,0.297857672367792
2025-01-30,NVDA,0.0
2025-01-30,SPY,0.0
2025-01-30,TSLA,0.0
2025-01-30,V,0.35069313471000063
2025-01-31,AAPL,0.0
2025-01-31,AMZN,0.0
2025-01-31,GOOGL,0.005766225695231191
2025-01-31,JNJ,0.12464431236024659
2025-01-31,JPM,0.16343811620660417
2025-01-31,META,0.0
2025-01-31,MSFT,0.3989862261829611
2025-01-31,NVDA,0.0
2025-01-31,SPY,0.0
2025-01-31,TSLA,0.005097746920157814
2025-01-31,V,0.3020673726347992
2025-02-03,AAPL,0.008115372645970032
2025-02-03,AMZN,0.0
2025-02-03,GOOGL,0.006052546350612487
2025-02-03,JNJ,0.12287431786430905
2025-02-03,JPM,0.067834298581083
2025-02-03,META,0.0
2025-02-03,MSFT,0.45002539828595217
2025-02-03,NVDA,0.0
2025-02-03,SPY,0.0
2025-02-03,TSLA,0.0
2025-02-03,V,0.3450980662720733
2025-02-04,AAPL,0.0014245175618677706
2025-02-04,AMZN,0.0
2025-02-04,GOOGL,0.012209145468565934
2025-02-04,JNJ,0.19977116205790774
2025-02-04,JPM,0.12254518896701229
2025-02-04,META,0.0
2025-02-04,MSFT,0.30878347048418125
2025-02-04,NVDA,0.0045403702783841475
2025-02-04,SPY,0.120473224214421
2025-02-04,TSLA,0.0
2025-02-04,V,0.2302529209676599
2025-02-05,AAPL,0.0
2025-02-05,AMZN,0.0
2025-02-05,GOOGL,0.0
2025-02-05,JNJ,0.29246835318352143
2025-02-05,JPM,0.09594425441274083
2025-02-05,META,0.0
2025-02-05,MSFT,0.21763662142919307
2025-02-05,NVDA,0.11111621559144898
2025-02-05,SPY,0.0
2025-02-05,TSLA,0.0
2025-02-05,V,0.2828345553830957
2025-02-06,AAPL,0.0
2025-02-06,AMZN,0.0063045304232972315
2025-02-06,GOOGL,0.0
2025-02-06,JNJ,0.3111877301254086
2025-02-06,JPM,0.12766749073494274
2025-02-06,META,0.0043353240416164575
2025-02-06,MSFT,0.12385718191001782
2025-02-06,NVDA,0.16328714341523334
2025-02-06,SPY,0.0
2025-02-06,TSLA,0.0
2025-02-06,V,0.26336059934948375
2025-02-07,AAPL,0.0
2025-02-07,AMZN,0.0
2025-02-07,GOOGL,0.13670212078271154
2025-02-07,JNJ,0.2146311698848976
2025-02-07,JPM,0.10311155443570343
2025-02-07,META,0.0
2025-02-07,MSFT,0.09697817930493191
2025-02-07,NVDA,0.0989061106223829
2025-02-07,SPY,0.0
2025-02-07,TSLA,0.0
2025-02-07,V,0.34967086496937255
2025-02-10,AAPL,0.0
2025-02-10,AMZN,0.0
2025-02-10,GOOGL,0.12175803519683057
2025-02-10,JNJ,0.16158504474943716
2025-02-10,JPM,0.1801872774923442
2025-02-10,META,0.0
2025-02-10,MSFT,0.14302307000049258
2025-02-10,NVDA,0.02551906739496938
2025-02-10,SPY,0.049948622248559366
2025-02-10,TSLA,0.0
2025-02-10,V,0.3179788829173668
2025-02-11,AAPL,0.032471220254695725
2025-02-11,AMZN,0.0
2025-02-11,GOOGL,0.14896388628948667
2025-02-11,JNJ,0.18021212611854756
2025-02-11,JPM,0.1408723831414708
2025-02-11,META,0.0
2025-02-11,MSFT,0.11799783022859574
2025-02-11,NVDA,0.0
2025-02-11,SPY,0.0
2025-02-11,TSLA,0.005746376232073417
2025-02-11,V,0.37373617773513007
2025-02-12,AAPL,0.09629468902310208
2025-02-12,AMZN,0.0
2025-02-12,GOOGL,0.08833516281664756
2025-02-12,JNJ,0.20549728667263711
2025-02-12,JPM,0.05703547488047163
2025-02-12,META,0.0
2025-02-12,MSFT,0.1099705995860021
2025-02-12,NVDA,0.0
2025-02-12,SPY,0.0
2025-02-12,TSLA,0.0
2025-02-12,V,0.4428667870211396
2025-02-13,AAPL,0.0377366907256631
2025-02-13,AMZN,0.0
2025-02-13,GOOGL,0.0571718100363044
2025-02-13,JNJ,0.24432613645480789
2025-02-13,JPM,0.06278414891468903
2025-02-13,META,0.0
2025-02-13,MSFT,0.10446135927399061
2025-02-13,NVDA,0.0
2025-02-13,SPY,0.04377437711764552
2025-02-13,TSLA,0.07517530192681048
2025-02-13,V,0.374570175550089
2025-02-14,AAPL,0.05350500578148214
2025-02-14,AMZN,0.0
2025-02-14,GOOGL,0.08553701696491743
2025-02-14,JNJ,0.1868111024135705
2025-02-14,JPM,0.13443787698784235
2025-02-14,META,0.0
2025-02-14,MSFT,0.15936056391091633
2025-02-14,NVDA,0.0
2025-02-14,SPY,0.0
2025-02-14,TSLA,0.11189811411049211
2025-02-14,V,0.2684503198307792
2025-02-18,AAPL,0.008435209998908306
2025-02-18,AMZN,0.0
2025-02-18,GOOGL,0.053241167571106134
2025-02-18,JNJ,0.09114552340060615
2025-02-18,JPM,0.0839513040295118
2025-02-18,META,0.0
2025-02-18,MSFT,0.17625935482027694
2025-02-18,NVDA,0.0
2025-02-18,SPY,0.0
2025-02-18,TSLA,0.02876500075798205
2025-02-18,V,0.5582024394216086
2025-02-19,AAPL,0.02769340390874007
2025-02-19,AMZN,0.019417589513297244
2025-02-19,GOOGL,0.05157031466243116
2025-02-19,JNJ,0.22049144826101627
2025-02-19,JPM,0.12932424837205064
2025-02-19,META,0.08049653238032346
2025-02-19,MSFT,0.09204007862185616
2025-02-19,NVDA,0.0
2025-02-19,SPY,0.0
2025-02-19,TSLA,0.0
2025-02-19,V,0.3789663842802849
2025-02-20,AAPL,0.0
2025-02-20,AMZN,0.0
2025-02-20,GOOGL,0.005266648562397746
2025-02-20,JNJ,0.13871737397537082
2025-02-20,JPM,0.14610661847891934
2025-02-20,META,0.07964425617435635
2025-02-20,MSFT,0.14255821105744787
2025-02-20,NVDA,0.0
2025-02-20,SPY,0.08619282589665637
2025-02-20,TSLA,0.0
2025-02-20,V,0.40151406585485155
2025-02-21,AAPL,0.0
2025-02-21,AMZN,0.0
2025-02-21,GOOGL,0.0
2025-02-21,JNJ,0.11266102966105206
2025-02-21,JPM,0.1566116972440772
2025-02-21,META,0.04198875085440481
2025-02-21,MSFT,0.1364082870359566
2025-02-21,NVDA,0.0
2025-02-21,SPY,0.17267795467504796
2025-02-21,TSLA,0.0
2025-02-21,V,0.3796522805294614
2025-02-24,AAPL,0.0
2025-02-24,AMZN,0.009449238281652261
2025-02-24,GOOGL,0.006175895157628113
2025-02-24,JNJ,0.06828441096006596
2025-02-24,JPM,0.21688025098082672
2025-02-24,META,0.015762245879601188
2025-02-24,MSFT,0.06708212674063571
2025-02-24,NVDA,0.0
2025-02-24,SPY,0.3568123766561066
2025-02-24,TSLA,0.0
2025-02-24,V,0.2595534553434834
2025-02-25,AAPL,0.0
2025-02-25,AMZN,0.04239245942299835
2025-02-25,GOOGL,0.0328359592347799
2025-02-25,JNJ,0.11821012971476369
2025-02-25,JPM,0.2398304579314131
2025-02-25,META,0.036085859663733996
2025-02-25,MSFT,0.052294229093187664
2025-02-25,NVDA,0.002844735373840937
2025-02-25,SPY,0.18619088315349733
2025-02-25,TSLA,0.0004012566051771831
2025-02-25,V,0.2889140298066078
2025-02-26,AAPL,0.0
2025-02-26,AMZN,0.07018041387251481
2025-02-26,GOOGL,0.041499482567649244
2025-02-26,JNJ,0.06525673186891444
2025-02-26,JPM,0.20443065002708752
2025-02-26,META,0.04883043580777099
2025-02-26,MSFT,0.07034067656620412
2025-02-26,NVDA,0.017156921505100117
2025-02-26,SPY,0.08994339912991477
2025-02-26,TSLA,0.0
2025-02-26,V,0.392361288654844
2025-02-27,AAPL,0.0
2025-02-27,AMZN,0.0024354597484005334
2025-02-27,GOOGL,0.08340313465888194
2025-02-27,JNJ,0.19738577282379355
2025-02-27,JPM,0.16472604241131034
2025-02-27,META,0.0
2025-02-27,MSFT,0.059858407778932345
2025-02-27,NVDA,0.03247239078262568
2025-02-27,SPY,0.0
2025-02-27,TSLA,0.07332560807051895
2025-02-27,V,0.3863931837255366
2025-02-28,AAPL,0.0
2025-02-28,AMZN,0.0
2025-02-28,GOOGL,0.08473478075518469
2025-02-28,JNJ,0.0
2025-02-28,JPM,0.1579845663274402
2025-02-28,META,0.0601606102393063
2025-02-28,MSFT,0.09530881639128495
2025-02-28,NVDA,0.0
2025-02-28,SPY,0.3157936300482831
2025-02-28,TSLA,0.05933955315669396
2025-02-28,V,0.22667804308180686
2025-03-03,AAPL,0.010261498804163752
2025-03-03,AMZN,0.0
2025-03-03,GOOGL,0.12506817964362166
2025-03-03,JNJ,0.16745232947280586
2025-03-03,JPM,0.15764384632648165
2025-03-03,META,0.0
2025-03-03,MSFT,0.1258680132633036
2025-03-03,NVDA,0.0
2025-03-03,SPY,0.0
2025-03-03,TSLA,0.10466130822135193
2025-03-03,V,0.30904482426827146
2025-03-04,AAPL,0.0
2025-03-04,AMZN,0.0
2025-03-04,GOOGL,0.053174381161045066
2025-03-04,JNJ,0.009648104819566112
2025-03-04,JPM,0.13002793649464345
2025-03-04,META,0.0677122464132162
2025-03-04,MSFT,0.14712818842903402
2025-03-04,NVDA,0.0
2025-03-04,SPY,0.2646013032073812
2025-03-04,TSLA,0.0
2025-03-04,V,0.327707839475114
2025-03-05,AAPL,0.0
2025-03-05,AMZN,0.01960737577180054
2025-03-05,GOOGL,0.025884656727370312
2025-03-05,JNJ,0.2814529569686784
2025-03-05,JPM,0.08446194411435883
2025-03-05,META,0.05360168744556517
2025-03-05,MSFT,0.08103822200059381
2025-03-05,NVDA,0.01892360117287059
2025-03-05,SPY,0.20041911716585475
2025-03-05,TSLA,0.0
2025-03-05,V,0.23461043863290762
2025-03-06,AAPL,0.004468245723031898
2025-03-06,AMZN,0.040339968026026726
2025-03-06,GOOGL,0.0
2025-03-06,JNJ,0.1969383972680201
2025-03-06,JPM,0.236063140822557
2025-03-06,META,0.0
2025-03-06,MSFT,0.14617903258225193
2025-03-06,NVDA,0.06444985944782572
2025-03-06,SPY,0.0
2025-03-06,TSLA,0.01762069188759167
2025-03-06,V,0.29394066424269494
2025-03-07,AAPL,0.027166713879527578
2025-03-07,AMZN,0.0
2025-03-07,GOOGL,0.0
2025-03-07,JNJ,0.07493358875164587
2025-03-07,JPM,0.20113139737342958
2025-03-07,META,0.09908840416342309
2025-03-07,MSFT,0.23760109009790661
2025-03-07,NVDA,0.0
2025-03-07,SPY,0.0
2025-03-07,TSLA,0.0
2025-03-07,V,0.36007880573406725
2025-03-10,AAPL,0.0
2025-03-10,AMZN,0.0412066481651142
2025-03-10,GOOGL,0.0
2025-03-10,JNJ,0.18231569202452977
2025-03-10,JPM,0.2649854472545687
2025-03-10,META,0.08323396889833418
2025-03-10,MSFT,0.05075312702814432
2025-03-10,NVDA,0.04832822246389881
2025-03-10,SPY,0.0
2025-03-10,TSLA,0.0
2025-03-10,V,0.32917689416541007
2025-03-11,AAPL,0.0
2025-03-11,AMZN,0.05096531727975466
2025-03-11,GOOGL,0.00657257625622912
2025-03-11,JNJ,0.12311991496325139
2025-03-11,JPM,0.2050834031639658
2025-03-11,META,0.07921168322948716
2025-03-11,MSFT,0.13927903338051473
2025-03-11,NVDA,0.0
2025-03-11,SPY,0.0
2025-03-11,TSLA,0.0
2025-03-11,V,0.39576807172679707
2025-03-12,AAPL,0.12166774042020424
2025-03-12,AMZN,0.0
2025-03-12,GOOGL,0.04961875738999069
2025-03-12,JNJ,0.06216665445676635
2025-03-12,JPM,0.31179773990391496
2025-03-12,META,0.042659726528911826
2025-03-12,MSFT,0.10919499419602936
2025-03-12,NVDA,0.01550717331661713
2025-03-12,SPY,0.0
2025-03-12,TSLA,0.04245364148235835
2025-03-12,V,0.24493357230520704
2025-03-13,AAPL,0.15420232098186554
2025-03-13,AMZN,0.0
2025-03-13,GOOGL,0.02947598721209438
2025-03-13,JNJ,0.09338847896550681
2025-03-13,JPM,0.2325480041888391
2025-03-13,META,0.01852702370137498
2025-03-13,MSFT,0.04785458516376915
2025-03-13,NVDA,0.06953469647177873
2025-03-13,SPY,0.0
2025-03-13,TSLA,0.11332157598803108
2025-03-13,V,0.24114732732674016
2025-03-14,AAPL,0.15174558204262942
2025-03-14,AMZN,0.0
2025-03-14,GOOGL,0.0029567485744524708
2025-03-14,JNJ,0.11213094704362088
2025-03-14,JPM,0.20680856532038042
2025-03-14,META,0.08575151292834764
2025-03-14,MSFT,0.0648206872215113
2025-03-14,NVDA,0.01151790709838993
2025-03-14,SPY,0.0
2025-03-14,TSLA,0.0
2025-03-14,V,0.36426804977066785
2025-03-17,AAPL,0.24459821184481367
2025-03-17,AMZN,0.0
2025-03-17,GOOGL,0.0208947558502769
2025-03-17,JNJ,0.1849690477854134
2025-03-17,JPM,0.18302316977309474
2025-03-17,META,0.025782987219674737
2025-03-17,MSFT,0.047781750909287254
2025-03-17,NVDA,0.023055813248073865
2025-03-17,SPY,0.0
2025-03-17,TSLA,0.0
2025-03-17,V,0.2698942633693654
2025-03-18,AAPL,0.11831600773189761
2025-03-18,AMZN,0.0
2025-03-18,GOOGL,0.010868681806382594
2025-03-18,JNJ,0.21941244021445716
2025-03-18,JPM,0.15058687884175545
2025-03-18,META,0.05059207845661886
2025-03-18,MSFT,0.14392907556735127
2025-03-18,NVDA,0.0
2025-03-18,SPY,0.0
2025-03-18,TSLA,0.0
2025-03-18,V,0.3062948373815371
2025-03-19,AAPL,0.0
2025-03-19,AMZN,0.0
2025-03-19,GOOGL,0.04430135710646688
2025-03-19,JNJ,0.27887551159376095
2025-03-19,JPM,0.08762383379761507
2025-03-19,META,0.08173260782555461
2025-03-19,MSFT,0.08420604509321214
2025-03-19,NVDA,0.004679979969643469
2025-03-19,SPY,0.0
2025-03-19,TSLA,0.0
2025-03-19,V,0.418580664613747
2025-03-20,AAPL,0.05272866706197146
2025-03-20,AMZN,0.0
2025-03-20,GOOGL,0.052669429599573374
2025-03-20,JNJ,0.28277758563635785
2025-03-20,JPM,0.07962558264219317
2025-03-20,META,0.08268186899335284
2025-03-20,MSFT,0.04627324444711277
2025-03-20,NVDA,0.022583558029811317
2025-03-20,SPY,0.0
2025-03-20,TSLA,0.056422009754601245
2025-03-20,V,0.3242380538350261
2025-03-21,AAPL,0.0009279313744242416
2025-03-21,AMZN,0.0
2025-03-21,GOOGL,0.0007165153296960188
2025-03-21,JNJ,0.27260791825512
2025-03-21,JPM,0.08143233012495912
2025-03-21,META,0.06334575204400378
2025-03-21,MSFT,0.11676581264739425
2025-03-21,NVDA,0.010567005614214135
2025-03-21,SPY,0.0
2025-03-21,TSLA,0.01922503791271348
2025-03-21,V,0.4344116966974749
2025-03-24,AAPL,0.03394849538448976
2025-03-24,AMZN,0.005800490002814139
2025-03-24,GOOGL,0.0059302447064915435
2025-03-24,JNJ,0.27356100355875984
2025-03-24,JPM,0.04802795048406586
2025-03-24,META,0.01952355443697381
2025-03-24,MSFT,0.12528315939924484
2025-03-24,NVDA,0.0
2025-03-24,SPY,0.0
2025-03-24,TSLA,0.03220334094264415
2025-03-24,V,0.4557217610845161
2025-03-25,AAPL,0.0
2025-03-25,AMZN,0.0
2025-03-25,GOOGL,0.030752917139051882
2025-03-25,JNJ,0.26432295074730966
2025-03-25,JPM,0.054712982245963576
2025-03-25,META,0.05275983183485469
2025-03-25,MSFT,0.16566018335751057
2025-03-25,NVDA,0.0
2025-03-25,SPY,0.0
2025-03-25,TSLA,0.23218114077692298
2025-03-25,V,0.1996099938983866
2025-03-26,AAPL,0.0
2025-03-26,AMZN,0.0
2025-03-26,GOOGL,0.0
2025-03-26,JNJ,0.169688907083531
2025-03-26,JPM,0.10843031846634227
2025-03-26,META,0.15081699886189393
2025-03-26,MSFT,0.05958275893192929
2025-03-26,NVDA,0.0
2025-03-26,SPY,0.0
2025-03-26,TSLA,0.20527769011784697
2025-03-26,V,0.3062033265384566
2025-03-27,AAPL,0.0
2025-03-27,AMZN,0.0
2025-03-27,GOOGL,0.0
2025-03-27,JNJ,0.2006036039685376
2025-03-27,JPM,0.11919263685374616
2025-03-27,META,0.12875992985894538
2025-03-27,MSFT,0.09301921098773026
2025-03-27,NVDA,0.0
2025-03-27,SPY,0.0
2025-03-27,TSLA,0.060251905565540775
2025-03-27,V,0.3981727127654997
2025-03-28,AAPL,0.0
2025-03-28,AMZN,0.0
2025-03-28,GOOGL,0.07010885617368527
2025-03-28,JNJ,0.32002157815126897
2025-03-28,JPM,0.03730660247902728
2025-03-28,META,0.0547374574366751
2025-03-28,MSFT,0.07296151207802389
2025-03-28,NVDA,0.061754184365205536
2025-03-28,SPY,0.0
2025-03-28,TSLA,0.029175077494714537
2025-03-28,V,0.3539347318213994
2025-03-31,AAPL,0.0
2025-03-31,AMZN,0.0
2025-03-31,GOOGL,0.1356503456551136
2025-03-31,JNJ,0.24764609877763555
2025-03-31,JPM,0.10347667707019416
2025-03-31,META,0.06301617367937751
2025-03-31,MSFT,0.10139771730212167
2025-03-31,NVDA,0.027563875236955058
2025-03-31,SPY,0.0
2025-03-31,TSLA,0.0
2025-03-31,V,0.3212491122786025
2025-04-01,AAPL,0.0
2025-04-01,AMZN,0.07548295644535225
2025-04-01,GOOGL,0.2314058707646559
2025-04-01,JNJ,0.2353815257178754
2025-04-01,JPM,0.13617305689501727
2025-04-01,META,0.037854108603150166
2025-04-01,MSFT,0.16724706112049856
2025-04-01,NVDA,0.003951820496855785
2025-04-01,SPY,0.0
2025-04-01,TSLA,0.0
2025-04-01,V,0.11250359995659458
2025-04-02,AAPL,0.0
2025-04-02,AMZN,0.08595573652124111
2025-04-02,GOOGL,0.1829369402058684
2025-04-02,JNJ,0.06051039626627941
2025-04-02,JPM,0.11448461849058161
2025-04-02,META,0.017262040823299997
2025-04-02,MSFT,0.15252609455215513
2025-04-02,NVDA,0.012286344280643307
2025-04-02,SPY,0.0
2025-04-02,TSLA,0.002550400561156682
2025-04-02,V,0.3714874282987742
2025-04-03,AAPL,0.0
2025-04-03,AMZN,0.06183548703056446
2025-04-03,GOOGL,0.030391269623631385
2025-04-03,JNJ,0.5481069033693197
2025-04-03,JPM,0.05609666933507904
2025-04-03,META,0.044755197603527766
2025-04-03,MSFT,0.09061061615598026
2025-04-03,NVDA,0.013147183422964047
2025-04-03,SPY,0.0
2025-04-03,TSLA,0.027193887734870154
2025-04-03,V,0.12786278572406307
2025-04-04,AAPL,0.0
2025-04-04,AMZN,0.0
2025-04-04,GOOGL,0.027753098357041008
2025-04-04,JNJ,0.27152373431543647
2025-04-04,JPM,0.0
2025-04-04,META,0.1022582975612495
2025-04-04,MSFT,0.14584920976296337
2025-04-04,NVDA,0.0
2025-04-04,SPY,0.23532123992883314
2025-04-04,TSLA,0.0
2025-04-04,V,0.21729442007447652
2025-04-07,AAPL,0.2100863275059269
2025-04-07,AMZN,0.02326008362897757
2025-04-07,GOOGL,0.0
2025-04-07,JNJ,0.0
2025-04-07,JPM,0.16630846063252513
2025-04-07,META,0.1244253528921402
2025-04-07,MSFT,0.0
2025-04-07,NVDA,0.0
2025-04-07,SPY,0.47591977534043023
2025-04-07,TSLA,0.0
2025-04-07,V,0.0
2025-04-08,AAPL,0.23399573059736745
2025-04-08,AMZN,0.025920536458551413
2025-04-08,GOOGL,0.0
2025-04-08,JNJ,0.05142110588231945
2025-04-08,JPM,0.2065625303814122
2025-04-08,META,0.0436914624077213
2025-04-08,MSFT,0.0
2025-04-08,NVDA,0.0
2025-04-08,SPY,0.21230214319001386
2025-04-08,TSLA,0.0
2025-04-08,V,0.2261064910826143
2025-04-09,AAPL,0.26497511795076695
2025-04-09,AMZN,0.0
2025-04-09,GOOGL,0.0
2025-04-09,JNJ,0.14754092202674243
2025-04-09,JPM,0.2420957278112592
2025-04-09,META,0.036567316430447104
2025-04-09,MSFT,0.00036642343747729847
2025-04-09,NVDA,0.0
2025-04-09,SPY,0.0
2025-04-09,TSLA,0.0
2025-04-09,V,0.308454492343307
2025-04-10,AAPL,0.3879887273692378
2025-04-10,AMZN,0.055594092299843786
2025-04-10,GOOGL,0.0
2025-04-10,JNJ,0.10490693139574565
2025-04-10,JPM,0.17940414402583738
2025-04-10,META,0.0
2025-04-10,MSFT,0.0
2025-04-10,NVDA,0.043333114467926495
2025-04-10,SPY,0.0
2025-04-10,TSLA,0.005296137360164064
2025-04-10,V,0.2234768530812449
2025-04-11,AAPL,0.0
2025-04-11,AMZN,0.0
2025-04-11,GOOGL,0.003936828548312988
2025-04-11,JNJ,0.03747421577779737
2025-04-11,JPM,0.12776153727606138
2025-04-11,META,0.13490153460745932
2025-04-11,MSFT,0.2982123338431672
2025-04-11,NVDA,0.0
2025-04-11,SPY,0.0
2025-04-11,TSLA,0.0
2025-04-11,V,0.3977135499472017
2025-04-14,AAPL,0.0
2025-04-14,AMZN,0.0
2025-04-14,GOOGL,0.008369129700340342
2025-04-14,JNJ,0.2031641156919554
2025-04-14,JPM,0.14750629161425322
2025-04-14,META,0.05889752247193425
2025-04-14,MSFT,0.1556448206270813
2025-04-14,NVDA,0.0
2025-04-14,SPY,0.0
2025-04-14,TSLA,0.0
2025-04-14,V,0.4264181198944355
2025-04-15,AAPL,0.11049060931943233
2025-04-15,AMZN,0.0002140306399222077
2025-04-15,GOOGL,0.04400662578178003
2025-04-15,JNJ,0.24311772590950165
2025-04-15,JPM,0.08799597514131596
2025-04-15,META,0.0
2025-04-15,MSFT,0.08610719105266222
2025-04-15,NVDA,0.0
2025-04-15,SPY,0.0
2025-04-15,TSLA,0.0
2025-04-15,V,0.4280678421553857
2025-04-16,AAPL,0.0
2025-04-16,AMZN,0.08012541119111814
2025-04-16,GOOGL,0.05473581724224983
2025-04-16,JNJ,0.23912584801711873
2025-04-16,JPM,0.07287019269282946
2025-04-16,META,0.015178411929131247
2025-04-16,MSFT,0.06510508442442658
2025-04-16,NVDA,0.04385859462268484
2025-04-16,SPY,0.0
2025-04-16,TSLA,0.0
2025-04-16,V,0.4290006398804411
2025-04-17,AAPL,0.0
2025-04-17,AMZN,0.11326195349939677
2025-04-17,GOOGL,0.08141069864579531
2025-04-17,JNJ,0.08375154568336207
2025-04-17,JPM,0.11006055891205749
2025-04-17,META,0.029086253975157697
2025-04-17,MSFT,0.1188784810220927
2025-04-17,NVDA,0.0
2025-04-17,SPY,0.0
2025-04-17,TSLA,0.0
2025-04-17,V,0.463550508262138
2025-04-21,AAPL,0.09039349981596075
2025-04-21,AMZN,0.09337886858916213
2025-04-21,GOOGL,0.07717480982824626
2025-04-21,JNJ,0.10345655884150383
2025-04-21,JPM,0.13746890125601297
2025-04-21,META,0.029159283897958223
2025-04-21,MSFT,0.13110009542381945
2025-04-21,NVDA,0.046399808842028746
2025-04-21,SPY,0.0
2025-04-21,TSLA,0.0017110800777591654
2025-04-21,V,0.2897570934275485
2025-04-22,AAPL,0.06230037397408114
2025-04-22,AMZN,0.07037298218494872
2025-04-22,GOOGL,0.07886604650605543
2025-04-22,JNJ,0.09537133886528959
2025-04-22,JPM,0.14685003292166257
2025-04-22,META,0.01886143246403697
2025-04-22,MSFT,0.13955562584001224
2025-04-22,NVDA,0.05405788293400994
2025-04-22,SPY,0.0
2025-04-22,TSLA,0.0
2025-04-22,V,0.3337642843099033
2025-04-23,AAPL,0.06436241672215552
2025-04-23,AMZN,0.08637810795664694
2025-04-23,GOOGL,0.05164739403681281
2025-04-23,JNJ,0.12284455135319766
2025-04-23,JPM,0.11016237755636973
2025-04-23,META,0.028284808439793918
2025-04-23,MSFT,0.1294600184520524
2025-04-23,NVDA,0.07060766117290332
2025-04-23,SPY,0.0
2025-04-23,TSLA,0.018626743137538277
2025-04-23,V,0.3176259211725295
2025-04-24,AAPL,0.05311141168725803
2025-04-24,AMZN,0.07623324990450847
2025-04-24,GOOGL,0.015792967379843925
2025-04-24,JNJ,0.17442180927766035
2025-04-24,JPM,0.09727320851515621
2025-04-24,META,0.04285282143584705
2025-04-24,MSFT,0.10576983833647702
2025-04-24,NVDA,0.05445466397310764
2025-04-24,SPY,0.0
2025-04-24,TSLA,0.027618729490481223
2025-04-24,V,0.35247129999966004
2025-04-25,AAPL,0.019768810760602683
2025-04-25,AMZN,0.060983664408669015
2025-04-25,GOOGL,0.0005880900930700843
2025-04-25,JNJ,0.22532422831793397
2025-04-25,JPM,0.09382000908292096
2025-04-25,META,0.09523401134212367
2025-04-25,MSFT,0.16959435490227098
2025-04-25,NVDA,0.038242427484106625
2025-04-25,SPY,0.0
2025-04-25,TSLA,0.0312455541971297
2025-04-25,V,0.2651988494111724
2025-04-28,AAPL,0.0
2025-04-28,AMZN,0.00046800241990485467
2025-04-28,GOOGL,0.0
2025-04-28,JNJ,0.3120078964556506
2025-04-28,JPM,0.09259731119258753
2025-04-28,META,0.09198404759469701
2025-04-28,MSFT,0.2776638666373208
2025-04-28,NVDA,0.026423483361482702
2025-04-28,SPY,0.0
2025-04-28,TSLA,0.07997721263607235
2025-04-28,V,0.11887817970228409
2025-04-29,AAPL,0.0
2025-04-29,AMZN,0.0
2025-04-29,GOOGL,0.0
2025-04-29,JNJ,0.27649533384117925
2025-04-29,JPM,0.03130416426656791
2025-04-29,META,0.12560373200188157
2025-04-29,MSFT,0.21165337798954537
2025-04-29,NVDA,0.0
2025-04-29,SPY,0.0
2025-04-29,TSLA,0.1150556956257207
2025-04-29,V,0.23988769627510512
2025-04-30,AAPL,0.0022269978784855166
2025-04-30,AMZN,0.044652943096121084
2025-04-30,GOOGL,0.0
2025-04-30,JNJ,0.2774631217476692
2025-04-30,JPM,0.06818854740191509
2025-04-30,META,0.062196377162444805
2025-04-30,MSFT,0.115942682681536
2025-04-30,NVDA,0.0122505344524888
2025-04-30,SPY,0.0
2025-04-30,TSLA,0.025789891754417354
2025-04-30,V,0.3912889038249223
2025-05-01,AAPL,0.004686996944599331
2025-05-01,AMZN,0.04800574014719219
2025-05-01,GOOGL,0.0
2025-05-01,JNJ,0.27372344868189147
2025-05-01,JPM,0.10902953304264472
2025-05-01,META,0.062008077192147765
2025-05-01,MSFT,0.13024952531749937
2025-05-01,NVDA,0.008413288955085002
2025-05-01,SPY,0.0
2025-05-01,TSLA,0.006032293776532212
2025-05-01,V,0.35785109594240794
2025-05-02,AAPL,0.09570532718189233
2025-05-02,AMZN,0.06770807224639555
2025-05-02,GOOGL,0.031998475022003765
2025-05-02,JNJ,0.25349893440317606
2025-05-02,JPM,0.09488364248103602
2025-05-02,META,0.0
2025-05-02,MSFT,0.01286031748751436
2025-05-02,NVDA,0.022460551630445868
2025-05-02,SPY,0.0
2025-05-02,TSLA,0.00862135820413909
2025-05-02,V,0.41226332134339694
2025-05-05,AAPL,0.13784462759992655
2025-05-05,AMZN,0.0
2025-05-05,GOOGL,0.0
2025-05-05,JNJ,0.13937384147490092
2025-05-05,JPM,0.11050758083032601
2025-05-05,META,0.0
2025-05-05,MSFT,0.4462259960607762
2025-05-05,NVDA,0.0
2025-05-05,SPY,0.0
2025-05-05,TSLA,0.0
2025-05-05,V,0.1660479540340703
2025-05-06,AAPL,0.16162675179274538
2025-05-06,AMZN,0.0
2025-05-06,GOOGL,0.0
2025-05-06,JNJ,0.12205511598680858
2025-05-06,JPM,0.12503615845689892
2025-05-06,META,0.10528348683459265
2025-05-06,MSFT,0.27007260689187623
2025-05-06,NVDA,0.0
2025-05-06,SPY,0.0
2025-05-06,TSLA,0.0
2025-05-06,V,0.2159258800370784
2025-05-07,AAPL,0.18374593012793503
2025-05-07,AMZN,0.0
2025-05-07,GOOGL,0.0
2025-05-07,JNJ,0.2259976811773122
2025-05-07,JPM,0.09521915748487457
2025-05-07,META,0.08921708145001533
2025-05-07,MSFT,0.10558336296477358
2025-05-07,NVDA,0.0
2025-05-07,SPY,0.0
2025-05-07,TSLA,0.0
2025-05-07,V,0.3002367867950893
2025-05-08,AAPL,0.11801626339577952
2025-05-08,AMZN,0.0
2025-05-08,GOOGL,0.16925265628052336
2025-05-08,JNJ,0.17712336982066174
2025-05-08,JPM,0.09611836493663073
2025-05-08,META,0.0
2025-05-08,MSFT,0.09023831029634424
2025-05-08,NVDA,0.0
2025-05-08,SPY,0.0
2025-05-08,TSLA,0.0
2025-05-08,V,0.3492510352700604
2025-05-09,AAPL,0.04471959590264833
2025-05-09,AMZN,0.0
2025-05-09,GOOGL,0.2718395752934534
2025-05-09,JNJ,0.2138459660272198
2025-05-09,JPM,0.0824417048438462
2025-05-09,META,0.0037445440404860757
2025-05-09,MSFT,0.03038099497002578
2025-05-09,NVDA,0.0
2025-05-09,SPY,0.0
2025-05-09,TSLA,0.0
2025-05-09,V,0.35302761892232043
2025-05-12,AAPL,0.0
2025-05-12,AMZN,0.0
2025-05-12,GOOGL,0.07612841289950445
2025-05-12,JNJ,0.19522820290071277
2025-05-12,JPM,0.1072361777439414
2025-05-12,META,0.04150221384408146
2025-05-12,MSFT,0.11429225789334552
2025-05-12,NVDA,0.0
2025-05-12,SPY,0.0
2025-05-12,TSLA,0.020665856036970777
2025-05-12,V,0.4449468786814435
2025-05-13,AAPL,0.16224266683162727
2025-05-13,AMZN,0.04073894258784723
2025-05-13,GOOGL,0.09064698465488734
2025-05-13,JNJ,0.2045737092374469
2025-05-13,JPM,0.060885319915230975
2025-05-13,META,0.0
2025-05-13,MSFT,0.07274483969901356
2025-05-13,NVDA,0.0
2025-05-13,SPY,0.0
2025-05-13,TSLA,0.04386507307021097
2025-05-13,V,0.32430246400373586
2025-05-14,AAPL,0.14493758268497833
2025-05-14,AMZN,0.09226856985676915
2025-05-14,GOOGL,0.0
2025-05-14,JNJ,0.2474668871381744
2025-05-14,JPM,0.09410613151507462
2025-05-14,META,0.09396575346026043
2025-05-14,MSFT,0.07288262220896802
2025-05-14,NVDA,0.0
2025-05-14,SPY,0.0
2025-05-14,TSLA,0.05826294695520679
2025-05-14,V,0.19610950618056824
2025-05-15,AAPL,0.012904945112409614
2025-05-15,AMZN,0.006563523437856063
2025-05-15,GOOGL,0.002408153278941822
2025-05-15,JNJ,0.5227030308156747
2025-05-15,JPM,0.044470301195171535
2025-05-15,META,0.09019684824112163
2025-05-15,MSFT,0.030260945176015245
2025-05-15,NVDA,0.03450318328388521
2025-05-15,SPY,0.0
2025-05-15,TSLA,0.05692181063104257
2025-05-15,V,0.19906725882788162
2025-05-16,AAPL,0.0
2025-05-16,AMZN,0.06028914845721194
2025-05-16,GOOGL,0.0
2025-05-16,JNJ,0.5194782880425716
2025-05-16,JPM,0.04317385535865673
2025-05-16,META,0.07161957140089477
2025-05-16,MSFT,0.05926302839401094
2025-05-16,NVDA,0.043327266970650154
2025-05-16,SPY,0.0
2025-05-16,TSLA,0.04708403378651647
2025-05-16,V,0.15576480758948724
2025-05-19,AAPL,0.035869161834107564
2025-05-19,AMZN,0.04110235131360424
2025-05-19,GOOGL,0.0
2025-05-19,JNJ,0.395280310948607
2025-05-19,JPM,0.05203142188389228
2025-05-19,META,0.037904101655244084
2025-05-19,MSFT,0.08945691095498348
2025-05-19,NVDA,0.027220197177031724
2025-05-19,SPY,0.0
2025-05-19,TSLA,0.0
2025-05-19,V,0.3211355442325296
2025-05-20,AAPL,0.05822228722595771
2025-05-20,AMZN,0.02518994299682874
2025-05-20,GOOGL,0.0
2025-05-20,JNJ,0.33914927905969616
2025-05-20,JPM,0.11384424845599332
2025-05-20,META,0.001927817530356583
2025-05-20,MSFT,0.09289032173546717
2025-05-20,NVDA,0.020034409404261797
2025-05-20,SPY,0.0
2025-05-20,TSLA,0.001283328962447011
2025-05-20,V,0.3474583646289915
2025-05-21,AAPL,0.07001923073416351
2025-05-21,AMZN,0.0
2025-05-21,GOOGL,0.08186846328983861
2025-05-21,JNJ,0.16311500760479836
2025-05-21,JPM,0.08001767610722968
2025-05-21,META,0.003508538338115356
2025-05-21,MSFT,0.1033667574150715
2025-05-21,NVDA,0.00496723363741698
2025-05-21,SPY,0.0
2025-05-21,TSLA,0.0
2025-05-21,V,0.4931370928733661
2025-05-22,AAPL,0.14598666315293152
2025-05-22,AMZN,0.029981367878661333
2025-05-22,GOOGL,0.0
2025-05-22,JNJ,0.1225777571280525
2025-05-22,JPM,0.07437517922263415
2025-05-22,META,0.011404852144204461
2025-05-22,MSFT,0.12484478720815054
2025-05-22,NVDA,0.007964315109702977
2025-05-22,SPY,0.0
2025-05-22,TSLA,0.0
2025-05-22,V,0.4828650781556625
2025-05-23,AAPL,0.16867418868503156
2025-05-23,AMZN,0.04640659169323032
2025-05-23,GOOGL,0.00018612955221938016
2025-05-23,JNJ,0.1591486765558205
2025-05-23,JPM,0.12746691137754887
2025-05-23,META,0.0
2025-05-23,MSFT,0.09828864702914368
2025-05-23,NVDA,0.0
2025-05-23,SPY,0.0
2025-05-23,TSLA,0.0
2025-05-23,V,0.3998288551070056
2025-05-27,AAPL,0.15324054133609813
2025-05-27,AMZN,0.0046139473096213236
2025-05-27,GOOGL,0.0
2025-05-27,JNJ,0.1292844503299795
2025-05-27,JPM,0.13741149876739292
2025-05-27,META,0.04397647196486403
2025-05-27,MSFT,0.1243107974519137
2025-05-27,NVDA,0.0
2025-05-27,SPY,0.0
2025-05-27,TSLA,0.0
2025-05-27,V,0.40716229284013034
2025-05-28,AAPL,0.1705648745954096
2025-05-28,AMZN,0.020584988048000123
2025-05-28,GOOGL,0.0
2025-05-28,JNJ,0.1421107636198914
2025-05-28,JPM,0.1453529217453483
2025-05-28,META,0.0029740705130986435
2025-05-28,MSFT,0.12142042535134252
2025-05-28,NVDA,0.0
2025-05-28,SPY,0.0
2025-05-28,TSLA,0.0
2025-05-28,V,0.3969919561269094
2025-05-29,AAPL,0.0
2025-05-29,AMZN,0.0
2025-05-29,GOOGL,0.0
2025-05-29,JNJ,0.21926201968911505
2025-05-29,JPM,0.12023262625092343
2025-05-29,META,0.05647780181192307
2025-05-29,MSFT,0.19601683816923948
2025-05-29,NVDA,0.0
2025-05-29,SPY,0.0
2025-05-29,TSLA,0.0
2025-05-29,V,0.4080107140787989
2025-05-30,AAPL,0.0
2025-05-30,AMZN,0.0
2025-05-30,GOOGL,0.0
2025-05-30,JNJ,0.1567559309883509
2025-05-30,JPM,0.09822360623674803
2025-05-30,META,0.05382844717517378
2025-05-30,MSFT,0.13629621662134217
2025-05-30,NVDA,0.0
2025-05-30,SPY,0.0
2025-05-30,TSLA,0.0
2025-05-30,V,0.5548957989783851
2025-06-02,AAPL,0.021908895989781234
2025-06-02,AMZN,0.009641861165349893
2025-06-02,GOOGL,0.021650133506190085
2025-06-02,JNJ,0.1402711090013029
2025-06-02,JPM,0.13984618234880722
2025-06-02,META,0.029287939513364752
2025-06-02,MSFT,0.18752049922966094
2025-06-02,NVDA,0.0
2025-06-02,SPY,0.0
2025-06-02,TSLA,0.0
2025-06-02,V,0.4498733792455429
2025-06-03,AAPL,0.0
2025-06-03,AMZN,0.0
2025-06-03,GOOGL,0.09303222096067117
2025-06-03,JNJ,0.061805731916690414
2025-06-03,JPM,0.15074406793263095
2025-06-03,META,0.0
2025-06-03,MSFT,0.20914782227130752
2025-06-03,NVDA,0.0
2025-06-03,SPY,0.0
2025-06-03,TSLA,0.002034100315848947
2025-06-03,V,0.483236056602851
2025-06-04,AAPL,0.0
2025-06-04,AMZN,0.0
2025-06-04,GOOGL,0.08792044818871719
2025-06-04,JNJ,0.13090086559453076
2025-06-04,JPM,0.13144653059286882
2025-06-04,META,0.11213008868536785
2025-06-04,MSFT,0.12236377628044004
2025-06-04,NVDA,0.0
2025-06-04,SPY,0.0
2025-06-04,TSLA,0.0
2025-06-04,V,0.4152382906580755
2025-06-05,AAPL,0.011397861243075768
2025-06-05,AMZN,0.0
2025-06-05,GOOGL,0.05846175922413925
2025-06-05,JNJ,0.16312695547876355
2025-06-05,JPM,0.14914680952470089
2025-06-05,META,0.0
2025-06-05,MSFT,0.19279866099419207
2025-06-05,NVDA,0.0
2025-06-05,SPY,0.0
2025-06-05,TSLA,0.0
2025-06-05,V,0.4250679535351285
2025-06-06,AAPL,0.049324831713830286
2025-06-06,AMZN,0.0032145877280841634
2025-06-06,GOOGL,0.007723123082705042
2025-06-06,JNJ,0.1318316534818925
2025-06-06,JPM,0.13762128670983104
2025-06-06,META,0.07388547538990567
2025-06-06,MSFT,0.13324932184401497
2025-06-06,NVDA,0.0
2025-06-06,SPY,0.0
2025-06-06,TSLA,0.0
2025-06-06,V,0.46314972004973637
2025-06-09,AAPL,0.0
2025-06-09,AMZN,0.0
2025-06-09,GOOGL,0.03218233345489556
2025-06-09,JNJ,0.25507043975051574
2025-06-09,JPM,0.11145303771814591
2025-06-09,META,0.0
2025-06-09,MSFT,0.178840546526023
2025-06-09,NVDA,0.0
2025-06-09,SPY,0.0
2025-06-09,TSLA,0.1270589966807414
2025-06-09,V,0.2953946458696783
2025-06-10,AAPL,0.023531256333616926
2025-06-10,AMZN,0.0
2025-06-10,GOOGL,0.01013868560449722
2025-06-10,JNJ,0.23445538032595975
2025-06-10,JPM,0.10565464142249063
2025-06-10,META,0.04190091722461359
2025-06-10,MSFT,0.13625046060603296
2025-06-10,NVDA,0.0
2025-06-10,SPY,0.0
2025-06-10,TSLA,0.11889576898359244
2025-06-10,V,0.32917288949919654
2025-06-11,AAPL,0.0
2025-06-11,AMZN,0.0
2025-06-11,GOOGL,0.04598907100966239
2025-06-11,JNJ,0.2561434618535147
2025-06-11,JPM,0.08655195956785343
2025-06-11,META,0.0
2025-06-11,MSFT,0.18955116989371476
2025-06-11,NVDA,0.0
2025-06-11,SPY,0.0
2025-06-11,TSLA,0.15160359462540035
2025-06-11,V,0.2701607430498544
2025-06-12,AAPL,0.0
2025-06-12,AMZN,0.01677717450757567
2025-06-12,GOOGL,0.0
2025-06-12,JNJ,0.21315524837279093
2025-06-12,JPM,0.08385553636996976
2025-06-12,META,0.03738868906810102
2025-06-12,MSFT,0.144824955761244
2025-06-12,NVDA,0.0
2025-06-12,SPY,0.0
2025-06-12,TSLA,0.04439722087776069
2025-06-12,V,0.4596011750425579
2025-06-13,AAPL,0.0
2025-06-13,AMZN,0.014532907194128912
2025-06-13,GOOGL,0.0
2025-06-13,JNJ,0.17806688598987078
2025-06-13,JPM,0.09269745108556945
2025-06-13,META,0.009307205700625579
2025-06-13,MSFT,0.18863610602733769
2025-06-13,NVDA,0.0
2025-06-13,SPY,0.0
2025-06-13,TSLA,0.0
2025-06-13,V,0.5167594440024675
2025-06-16,AAPL,0.0
2025-06-16,AMZN,0.0
2025-06-16,GOOGL,0.0
2025-06-16,JNJ,0.126918009277837
2025-06-16,JPM,0.06436529233170162
2025-06-16,META,0.030488205081830817
2025-06-16,MSFT,0.17389604893487468
2025-06-16,NVDA,0.0
2025-06-16,SPY,0.0
2025-06-16,TSLA,0.0
2025-06-16,V,0.604332444373756
2025-06-17,AAPL,0.008570328047571782
2025-06-17,AMZN,0.020608988720721654
2025-06-17,GOOGL,0.022194926920563417
2025-06-17,JNJ,0.1541288353266377
2025-06-17,JPM,0.060930622125475356
2025-06-17,META,0.0
2025-06-17,MSFT,0.11715863379129525
2025-06-17,NVDA,0.0
2025-06-17,SPY,0.0
2025-06-17,TSLA,0.0
2025-06-17,V,0.6164076650677347
2025-06-18,AAPL,0.0
2025-06-18,AMZN,0.002686076183853304
2025-06-18,GOOGL,0.012717959258332622
2025-06-18,JNJ,0.19295601261969908
2025-06-18,JPM,0.10411132832793873
2025-06-18,META,0.04087102099841615
2025-06-18,MSFT,0.16156290559950548
2025-06-18,NVDA,0.0
2025-06-18,SPY,0.0
2025-06-18,TSLA,0.0
2025-06-18,V,0.48509469701225455
2025-06-20,AAPL,0.012205464625655499
2025-06-20,AMZN,0.027990586018537923
2025-06-20,GOOGL,0.02632252599968744
2025-06-20,JNJ,0.3289775216626432
2025-06-20,JPM,0.05560338275580018
2025-06-20,META,0.009038453305240899
2025-06-20,MSFT,0.1160866761448746
2025-06-20,NVDA,0.0
2025-06-20,SPY,0.0
2025-06-20,TSLA,0.0
2025-06-20,V,0.42377538948756016
2025-06-23,AAPL,0.007755930927603189
2025-06-23,AMZN,0.020421107258823856
2025-06-23,GOOGL,0.07182592671452592
2025-06-23,JNJ,0.3167024412564746
2025-06-23,JPM,0.039338398912102036
2025-06-23,META,0.0204167091402329
2025-06-23,MSFT,0.096346027746936
2025-06-23,NVDA,0.0001194013319824031
2025-06-23,SPY,0.0
2025-06-23,TSLA,0.0
2025-06-23,V,0.42707405671131893
2025-06-24,AAPL,0.0
2025-06-24,AMZN,0.0
2025-06-24,GOOGL,0.19509858067098432
2025-06-24,JNJ,0.2620143634254491
2025-06-24,JPM,0.016361967134072307
2025-06-24,META,0.0
2025-06-24,MSFT,0.06862702401775633
2025-06-24,NVDA,0.0
2025-06-24,SPY,0.0
2025-06-24,TSLA,0.0
2025-06-24,V,0.4578980647517379
2025-06-25,AAPL,0.0
2025-06-25,AMZN,0.0
2025-06-25,GOOGL,0.11401821481129705
2025-06-25,JNJ,0.201392904607941
2025-06-25,JPM,0.053025785764966964
2025-06-25,META,0.0023621220972580917
2025-06-25,MSFT,0.12147701854570284
2025-06-25,NVDA,0.0
2025-06-25,SPY,0.0
2025-06-25,TSLA,0.0005428962718403009
2025-06-25,V,0.5071810579009938
2025-06-26,AAPL,0.0
2025-06-26,AMZN,0.0
2025-06-26,GOOGL,0.08788868974456623
2025-06-26,JNJ,0.15714671690270454
2025-06-26,JPM,0.08843167053554621
2025-06-26,META,0.06783200634254434
2025-06-26,MSFT,0.14891854786480008
2025-06-26,NVDA,0.0
2025-06-26,SPY,0.0
2025-06-26,TSLA,0.0
2025-06-26,V,0.4497823686098386
2025-06-27,AAPL,0.0032459881359933737
2025-06-27,AMZN,0.002770493887334992
2025-06-27,GOOGL,0.06950296444691707
2025-06-27,JNJ,0.18254539228737748
2025-06-27,JPM,0.1547209815153918
2025-06-27,META,0.0
2025-06-27,MSFT,0.20279393242039007
2025-06-27,NVDA,0.0015507367487111211
2025-06-27,SPY,0.0
2025-06-27,TSLA,0.0
2025-06-27,V,0.3828695105578841
2025-06-30,AAPL,0.05966910524690617
2025-06-30,AMZN,0.017612681443174866
2025-06-30,GOOGL,0.04015878832492131
2025-06-30,JNJ,0.18402864999079435
2025-06-30,JPM,0.23449771649337867
2025-06-30,META,0.005481596752483237
2025-06-30,MSFT,0.22650654710384252
2025-06-30,NVDA,0.0
2025-06-30,SPY,0.0
2025-06-30,TSLA,0.0
2025-06-30,V,0.23204491464449895
2025-07-01,AAPL,0.049499728625239096
2025-07-01,AMZN,0.0
2025-07-01,GOOGL,0.03817647337371314
2025-07-01,JNJ,0.20927531460609675
2025-07-01,JPM,0.08734217079060307
2025-07-01,META,0.007104286834140483
2025-07-01,MSFT,0.1702599221383963
2025-07-01,NVDA,0.0
2025-07-01,SPY,0.0
2025-07-01,TSLA,0.0
2025-07-01,V,0.43834210363181114
2025-07-02,AAPL,0.019170884274295474
2025-07-02,AMZN,0.0
2025-07-02,GOOGL,0.0
2025-07-02,JNJ,0.1415742175313109
2025-07-02,JPM,0.047902260617096945
2025-07-02,META,0.09957269176137741
2025-07-02,MSFT,0.131043941042537
2025-07-02,NVDA,0.007371386119165187
2025-07-02,SPY,0.0
2025-07-02,TSLA,0.0
2025-07-02,V,0.553364618654217
2025-07-03,AAPL,0.0
2025-07-03,AMZN,0.0
2025-07-03,GOOGL,0.0
2025-07-03,JNJ,0.09992157501263454
2025-07-03,JPM,0.09276165558396238
2025-07-03,META,0.07208678065456744
2025-07-03,MSFT,0.1783530723139787
2025-07-03,NVDA,0.0
2025-07-03,SPY,0.0
2025-07-03,TSLA,0.05245546719173825
2025-07-03,V,0.5044214492431188
2025-07-07,AAPL,0.0
2025-07-07,AMZN,0.0
2025-07-07,GOOGL,0.0
2025-07-07,JNJ,0.064578979510044
2025-07-07,JPM,0.17258345698342492
2025-07-07,META,0.02410342846754275
2025-07-07,MSFT,0.22919464048397084
2025-07-07,NVDA,0.0
2025-07-07,SPY,0.0
2025-07-07,TSLA,0.006262421288046303
2025-07-07,V,0.5032770732669711
2025-07-08,AAPL,0.0
2025-07-08,AMZN,0.0
2025-07-08,GOOGL,0.027859716830477128
2025-07-08,JNJ,0.16001814225973437
2025-07-08,JPM,0.17084465559564888
2025-07-08,META,0.008276346633347099
2025-07-08,MSFT,0.18451913163519765
2025-07-08,NVDA,0.0
2025-07-08,SPY,0.0
2025-07-08,TSLA,0.0
2025-07-08,V,0.4484820070455949
2025-07-09,AAPL,0.0
2025-07-09,AMZN,0.026326152055666477
2025-07-09,GOOGL,0.07599086063906499
2025-07-09,JNJ,0.18869952008967533
2025-07-09,JPM,0.19003652147846897
2025-07-09,META,0.0
2025-07-09,MSFT,0.13574879378103238
2025-07-09,NVDA,0.0
2025-07-09,SPY,0.0
2025-07-09,TSLA,0.01631346971800931
2025-07-09,V,0.36688468223808246
2025-07-10,AAPL,0.023460377554696585
2025-07-10,AMZN,0.007748643857100524
2025-07-10,GOOGL,0.07620682843585919
2025-07-10,JNJ,0.21066201993106262
2025-07-10,JPM,0.22004792869381676
2025-07-10,META,0.0
2025-07-10,MSFT,0.1633913264628203
2025-07-10,NVDA,0.0
2025-07-10,SPY,0.0
2025-07-10,TSLA,0.0
2025-07-10,V,0.29848287506464394
2025-07-11,AAPL,0.0004596702019883519
2025-07-11,AMZN,0.0
2025-07-11,GOOGL,0.008888810455630385
2025-07-11,JNJ,0.20336929516900867
2025-07-11,JPM,0.1762363516251989
2025-07-11,META,0.03245699517527112
2025-07-11,MSFT,0.2127133383702238
2025-07-11,NVDA,0.0
2025-07-11,SPY,0.0
2025-07-11,TSLA,0.024761776736955284
2025-07-11,V,0.3411137622657235
2025-07-14,AAPL,0.0
2025-07-14,AMZN,0.0020569063950414477
2025-07-14,GOOGL,0.0015733615709689489
2025-07-14,JNJ,0.24274551736784253
2025-07-14,JPM,0.15099405783687275
2025-07-14,META,0.03507565762430571
2025-07-14,MSFT,0.14782808787053286
2025-07-14,NVDA,0.0
2025-07-14,SPY,0.0
2025-07-14,TSLA,0.01266085826343307
2025-07-14,V,0.4070655530710026
2025-07-15,AAPL,0.024467623236903855
2025-07-15,AMZN,0.0
2025-07-15,GOOGL,0.015571385614176116
2025-07-15,JNJ,0.24192594880058438
2025-07-15,JPM,0.16075045057777831
2025-07-15,META,0.0
2025-07-15,MSFT,0.16957962385690162
2025-07-15,NVDA,0.0
2025-07-15,SPY,0.0
2025-07-15,TSLA,0.0007889858437465571
2025-07-15,V,0.3869159820699091
2025-07-16,AAPL,0.03744568336083565
2025-07-16,AMZN,0.0
2025-07-16,GOOGL,0.0
2025-07-16,JNJ,0.13799554535888167
2025-07-16,JPM,0.17572274349112071
2025-07-16,META,0.05353748061336526
2025-07-16,MSFT,0.1813898713674766
2025-07-16,NVDA,0.0
2025-07-16,SPY,0.0
2025-07-16,TSLA,0.0
2025-07-16,V,0.41390867580832
2025-07-17,AAPL,0.04879823686142383
2025-07-17,AMZN,0.0
2025-07-17,GOOGL,0.0
2025-07-17,JNJ,0.029462688911753583
2025-07-17,JPM,0.12348406925984805
2025-07-17,META,0.05514147388100622
2025-07-17,MSFT,0.2296689094276665
2025-07-17,NVDA,0.0
2025-07-17,SPY,0.0
2025-07-17,TSLA,0.0
2025-07-17,V,0.5134446216583018
2025-07-18,AAPL,0.039336270762466895
2025-07-18,AMZN,0.0
2025-07-18,GOOGL,0.0
2025-07-18,JNJ,0.16269928018533364
2025-07-18,JPM,0.08882273519247738
2025-07-18,META,0.0371544042188889
2025-07-18,MSFT,0.18202007322471336
2025-07-18,NVDA,0.0
2025-07-18,SPY,0.0
2025-07-18,TSLA,0.0
2025-07-18,V,0.4899672364161198
2025-07-21,AAPL,0.013755698946884743
2025-07-21,AMZN,0.0
2025-07-21,GOOGL,0.0
2025-07-21,JNJ,0.0
2025-07-21,JPM,0.19014592258701016
2025-07-21,META,0.015618141748178624
2025-07-21,MSFT,0.28884441114306136
2025-07-21,NVDA,0.0
2025-07-21,SPY,0.0
2025-07-21,TSLA,0.0
2025-07-21,V,0.4916358255748652
2025-07-22,AAPL,0.017759859223610355
2025-07-22,AMZN,0.017280841210093736
2025-07-22,GOOGL,0.0
2025-07-22,JNJ,0.05489489260508497
2025-07-22,JPM,0.12515225349317044
2025-07-22,META,0.0
2025-07-22,MSFT,0.20671494634598941
2025-07-22,NVDA,0.0
2025-07-22,SPY,0.0
2025-07-22,TSLA,0.0
2025-07-22,V,0.5781972071220511
2025-07-23,AAPL,0.0
2025-07-23,AMZN,0.0
2025-07-23,GOOGL,0.018139457131335426
2025-07-23,JNJ,0.1369401075376235
2025-07-23,JPM,0.08942203606896724
2025-07-23,META,0.06257737097973687
2025-07-23,MSFT,0.1955703133383057
2025-07-23,NVDA,0.0040576367264150365
2025-07-23,SPY,0.0
2025-07-23,TSLA,0.0
2025-07-23,V,0.4932930782176162
2025-07-24,AAPL,0.0
2025-07-24,AMZN,0.0
2025-07-24,GOOGL,0.057271087395866865
2025-07-24,JNJ,0.2537044702354545
2025-07-24,JPM,0.09682970566220855
2025-07-24,META,0.0
2025-07-24,MSFT,0.20625990381585455
2025-07-24,NVDA,0.00016874236692319996
2025-07-24,SPY,0.0
2025-07-24,TSLA,0.0
2025-07-24,V,0.38576609052369226
2025-07-25,AAPL,0.0
2025-07-25,AMZN,0.0
2025-07-25,GOOGL,0.01463406582205699
2025-07-25,JNJ,0.12495300134511823
2025-07-25,JPM,0.16359981989421957
2025-07-25,META,0.025937335923418774
2025-07-25,MSFT,0.18023770124700414
2025-07-25,NVDA,0.0
2025-07-25,SPY,0.0
2025-07-25,TSLA,0.0
2025-07-25,V,0.49063807576818236
2025-07-28,AAPL,0.0
2025-07-28,AMZN,0.0
2025-07-28,GOOGL,0.0
2025-07-28,JNJ,0.1952577715460485
2025-07-28,JPM,0.13157193505971604
2025-07-28,META,0.02694574502617005
2025-07-28,MSFT,0.2732970047368448
2025-07-28,NVDA,0.0
2025-07-28,SPY,0.0
2025-07-28,TSLA,0.04367950461301285
2025-07-28,V,0.3292480390182077
2025-07-29,AAPL,0.0
2025-07-29,AMZN,0.0
2025-07-29,GOOGL,0.0
2025-07-29,JNJ,0.27034085666598145
2025-07-29,JPM,0.1135705227350503
2025-07-29,META,0.0
2025-07-29,MSFT,0.2063300157987592
2025-07-29,NVDA,0.0
2025-07-29,SPY,0.0
2025-07-29,TSLA,0.031240672420759365
2025-07-29,V,0.3785179323794498
2025-07-30,AAPL,0.042186227594286474
2025-07-30,AMZN,0.0008613444154721258
2025-07-30,GOOGL,0.0
2025-07-30,JNJ,0.2278674665665144
2025-07-30,JPM,0.1149300623403407
2025-07-30,META,0.07088251738269966
2025-07-30,MSFT,0.13714909765979436
2025-07-30,NVDA,0.0
2025-07-30,SPY,0.0
2025-07-30,TSLA,0.0
2025-07-30,V,0.40612328404089226
2025-07-31,AAPL,0.04124022421139526
2025-07-31,AMZN,0.0
2025-07-31,GOOGL,0.0
2025-07-31,JNJ,0.19543155103024856
2025-07-31,JPM,0.10251328555569349
2025-07-31,META,0.06623646669279863
2025-07-31,MSFT,0.18104325091699272
2025-07-31,NVDA,0.0
2025-07-31,SPY,0.0
2025-07-31,TSLA,0.0
2025-07-31,V,0.4135352215928715
2025-08-01,AAPL,0.14743391168598352
2025-08-01,AMZN,0.06771858614419957
2025-08-01,GOOGL,0.04839347501056862
2025-08-01,JNJ,0.2671342627228117
2025-08-01,JPM,0.150327711861841
2025-08-01,META,0.0
2025-08-01,MSFT,0.06652767302683961
2025-08-01,NVDA,0.0036475296688309395
2025-08-01,SPY,0.0
2025-08-01,TSLA,0.0
2025-08-01,V,0.248816849878925
2025-08-04,AAPL,0.07544416405436909
2025-08-04,AMZN,0.0
2025-08-04,GOOGL,0.0
2025-08-04,JNJ,0.1958341436827939
2025-08-04,JPM,0.09522183270309684
2025-08-04,META,0.212800368907383
2025-08-04,MSFT,0.1660269481235305
2025-08-04,NVDA,0.0
2025-08-04,SPY,0.0
2025-08-04,TSLA,0.0
2025-08-04,V,0.25467254252882676
2025-08-05,AAPL,0.11878318012012469
2025-08-05,AMZN,0.22172350268830196
2025-08-05,GOOGL,0.0
2025-08-05,JNJ,0.20555181828363525
2025-08-05,JPM,0.08182730253316209
2025-08-05,META,0.0
2025-08-05,MSFT,0.010653440761137091
2025-08-05,NVDA,0.0
2025-08-05,SPY,0.0
2025-08-05,TSLA,0.0
2025-08-05,V,0.3614607556136388
2025-08-06,AAPL,0.0
2025-08-06,AMZN,0.17842744593127577
2025-08-06,GOOGL,0.0
2025-08-06,JNJ,0.13664792553555283
2025-08-06,JPM,0.12923721542244887
2025-08-06,META,0.028284071754300564
2025-08-06,MSFT,0.12833520923316336
2025-08-06,NVDA,0.0
2025-08-06,SPY,0.0
2025-08-06,TSLA,0.0
2025-08-06,V,0.39906813212325853
2025-08-07,AAPL,0.0859260098569616
2025-08-07,AMZN,0.2248983521987613
2025-08-07,GOOGL,0.0
2025-08-07,JNJ,0.10458600900372567
2025-08-07,JPM,0.12101684626741138
2025-08-07,META,0.0
2025-08-07,MSFT,0.11844802424605275
2025-08-07,NVDA,0.0
2025-08-07,SPY,0.0
2025-08-07,TSLA,0.0
2025-08-07,V,0.34512475842708734
2025-08-08,AAPL,0.21582700228351423
2025-08-08,AMZN,0.07078765885545941
2025-08-08,GOOGL,0.0
2025-08-08,JNJ,0.08756945902125633
2025-08-08,JPM,0.14835650263225075
2025-08-08,META,0.0
2025-08-08,MSFT,0.07796457004581973
2025-08-08,NVDA,0.0
2025-08-08,SPY,0.0
2025-08-08,TSLA,0.0
2025-08-08,V,0.3994948071616995
2025-08-11,AAPL,0.2709471970256924
2025-08-11,AMZN,0.008717280130790334
2025-08-11,GOOGL,0.01989373610871765
2025-08-11,JNJ,0.08870097611465136
2025-08-11,JPM,0.16142097510407408
2025-08-11,META,0.0
2025-08-11,MSFT,0.12640449982016785
2025-08-11,NVDA,0.0
2025-08-11,SPY,0.0
2025-08-11,TSLA,0.0
2025-08-11,V,0.32391533569590625
2025-08-12,AAPL,0.1663767683800855
2025-08-12,AMZN,0.0
2025-08-12,GOOGL,0.013436108666091488
2025-08-12,JNJ,0.1309877243948328
2025-08-12,JPM,0.15650277457678027
2025-08-12,META,0.0
2025-08-12,MSFT,0.17623400874563608
2025-08-12,NVDA,0.0
2025-08-12,SPY,0.0
2025-08-12,TSLA,0.0
2025-08-12,V,0.35646261523657374
2025-08-13,AAPL,0.00608994810435307
2025-08-13,AMZN,0.06338281879779845
2025-08-13,GOOGL,0.03342373897147185
2025-08-13,JNJ,0.17478525819252735
2025-08-13,JPM,0.18381402390713497
2025-08-13,META,0.0
2025-08-13,MSFT,0.1739231212529628
2025-08-13,NVDA,0.007321315583777644
2025-08-13,SPY,0.0
2025-08-13,TSLA,0.00499730297626222
2025-08-13,V,0.3522624722137116
2025-08-14,AAPL,0.0
2025-08-14,AMZN,0.02046833461837162
2025-08-14,GOOGL,0.016595266776843053
2025-08-14,JNJ,0.13441002079449588
2025-08-14,JPM,0.19716464233455416
2025-08-14,META,0.0
2025-08-14,MSFT,0.2514504575749417
2025-08-14,NVDA,0.0
2025-08-14,SPY,0.0
2025-08-14,TSLA,0.0
2025-08-14,V,0.37991127790079354
2025-08-15,AAPL,0.003929057243337716
2025-08-15,AMZN,0.05932917273253405
2025-08-15,GOOGL,0.000330112070650655
2025-08-15,JNJ,0.21388815814400503
2025-08-15,JPM,0.07699836626073568
2025-08-15,META,0.0
2025-08-15,MSFT,0.16914710701252494
2025-08-15,NVDA,0.0
2025-08-15,SPY,0.0
2025-08-15,TSLA,0.0
2025-08-15,V,0.4763780265362119
2025-08-18,AAPL,0.018706512901147457
2025-08-18,AMZN,0.012481609197503301
2025-08-18,GOOGL,0.023741098897039244
2025-08-18,JNJ,0.1766619112820448
2025-08-18,JPM,0.14779665213486542
2025-08-18,META,0.0
2025-08-18,MSFT,0.21944080304613195
2025-08-18,NVDA,0.0
2025-08-18,SPY,0.0
2025-08-18,TSLA,0.0
2025-08-18,V,0.40117141254126787
2025-08-19,AAPL,0.0
2025-08-19,AMZN,0.0
2025-08-19,GOOGL,0.0
2025-08-19,JNJ,0.20920082549705354
2025-08-19,JPM,0.12191699649620681
2025-08-19,META,0.07592419397713582
2025-08-19,MSFT,0.2433653673625893
2025-08-19,NVDA,0.0
2025-08-19,SPY,0.0
2025-08-19,TSLA,0.0
2025-08-19,V,0.34959261666701463
2025-08-20,AAPL,0.0
2025-08-20,AMZN,0.0
2025-08-20,GOOGL,0.0005717603704515112
2025-08-20,JNJ,0.1282970076679235
2025-08-20,JPM,0.16981323245280924
2025-08-20,META,0.06811556164751993
2025-08-20,MSFT,0.22028138076776219
2025-08-20,NVDA,0.0
2025-08-20,SPY,0.0
2025-08-20,TSLA,0.0
2025-08-20,V,0.41292105709353366
2025-08-21,AAPL,0.0
2025-08-21,AMZN,0.010529002131766357
2025-08-21,GOOGL,0.028400371739814453
2025-08-21,JNJ,0.1385301938942713
2025-08-21,JPM,0.16008897233632155
2025-08-21,META,0.012360678568504967
2025-08-21,MSFT,0.22336049827104582
2025-08-21,NVDA,0.0
2025-08-21,SPY,0.0
2025-08-21,TSLA,0.0
2025-08-21,V,0.4267302830582757
2025-08-22,AAPL,0.01998301333720471
2025-08-22,AMZN,0.05955821102541549
2025-08-22,GOOGL,0.008901222726210925
2025-08-22,JNJ,0.13723342246039172
2025-08-22,JPM,0.15796647018682247
2025-08-22,META,0.021306214659284527
2025-08-22,MSFT,0.14644306400104218
2025-08-22,NVDA,0.0
2025-08-22,SPY,0.0
2025-08-22,TSLA,0.0
2025-08-22,V,0.448608381603628
2025-08-25,AAPL,0.0813514265805077
2025-08-25,AMZN,0.06319227696879393
2025-08-25,GOOGL,0.035333162575224494
2025-08-25,JNJ,0.15697979641894427
2025-08-25,JPM,0.14898341604516424
2025-08-25,META,0.0
2025-08-25,MSFT,0.18465863793424997
2025-08-25,NVDA,0.0
2025-08-25,SPY,0.0
2025-08-25,TSLA,0.0
2025-08-25,V,0.32950128347711544
2025-08-26,AAPL,0.0
2025-08-26,AMZN,0.0
2025-08-26,GOOGL,0.039450519819560985
2025-08-26,JNJ,0.07681683301745204
2025-08-26,JPM,0.1194018218084313
2025-08-26,META,0.010621883011628084
2025-08-26,MSFT,0.1787867240797678
2025-08-26,NVDA,0.0
2025-08-26,SPY,0.0
2025-08-26,TSLA,0.022258332626228457
2025-08-26,V,0.5526638856369314
2025-08-27,AAPL,0.07284218741395089
2025-08-27,AMZN,0.0
2025-08-27,GOOGL,0.013298766271955325
2025-08-27,JNJ,0.24145956848474706
2025-08-27,JPM,0.12710442037441397
2025-08-27,META,0.003875303879208536
2025-08-27,MSFT,0.22487857895878766
2025-08-27,NVDA,0.0
2025-08-27,SPY,0.0
2025-08-27,TSLA,0.01033424670377608
2025-08-27,V,0.30620692791316056
2025-08-28,AAPL,0.0
2025-08-28,AMZN,0.005056920582917544
2025-08-28,GOOGL,0.0
2025-08-28,JNJ,0.22074540210970353
2025-08-28,JPM,0.18693682914931728
2025-08-28,META,0.043023664571481754
2025-08-28,MSFT,0.12989405363474707
2025-08-28,NVDA,0.0
2025-08-28,SPY,0.0
2025-08-28,TSLA,0.0
2025-08-28,V,0.41434312995183276
2025-08-29,AAPL,0.007595523208606146
2025-08-29,AMZN,0.0423513680959988
2025-08-29,GOOGL,0.0
2025-08-29,JNJ,0.2695551308541189
2025-08-29,JPM,0.1542169671969358
2025-08-29,META,0.0
2025-08-29,MSFT,0.17856292439330274
2025-08-29,NVDA,0.0
2025-08-29,SPY,0.0
2025-08-29,TSLA,0.0
2025-08-29,V,0.3477180862510376
2025-09-02,AAPL,0.0
2025-09-02,AMZN,0.0
2025-09-02,GOOGL,0.023248903703935547
2025-09-02,JNJ,0.2687620249968763
2025-09-02,JPM,0.15593114757122375
2025-09-02,META,0.028253025516862488
2025-09-02,MSFT,0.2110733483937752
2025-09-02,NVDA,0.0
2025-09-02,SPY,0.0
2025-09-02,TSLA,0.0
2025-09-02,V,0.3127315498173267
2025-09-03,AAPL,0.012415293600466448
2025-09-03,AMZN,0.04236566608925607
2025-09-03,GOOGL,0.02805654159521799
2025-09-03,JNJ,0.2687693037810318
2025-09-03,JPM,0.10844623956044155
2025-09-03,META,0.0
2025-09-03,MSFT,0.09698905716816833
2025-09-03,NVDA,0.0
2025-09-03,SPY,0.0
2025-09-03,TSLA,0.0
2025-09-03,V,0.4429578982054179
2025-09-04,AAPL,0.0
2025-09-04,AMZN,0.05297909626896826
2025-09-04,GOOGL,0.0
2025-09-04,JNJ,0.2198834731750054
2025-09-04,JPM,0.12797051659336342
2025-09-04,META,0.0
2025-09-04,MSFT,0.13995531393124758
2025-09-04,NVDA,0.0
2025-09-04,SPY,0.0
2025-09-04,TSLA,0.010779480531000259
2025-09-04,V,0.44843211950041517
2025-09-05,AAPL,0.02908571487667042
2025-09-05,AMZN,0.03506683076966806
2025-09-05,GOOGL,0.14074474880858973
2025-09-05,JNJ,0.1572420772306179
2025-09-05,JPM,0.12290108717388327
2025-09-05,META,0.0
2025-09-05,MSFT,0.11100043493804557
2025-09-05,NVDA,0.0
2025-09-05,SPY,0.0
2025-09-05,TSLA,0.0
2025-09-05,V,0.4039591062025251
2025-09-08,AAPL,0.0
2025-09-08,AMZN,0.0
2025-09-08,GOOGL,0.0
2025-09-08,JNJ,0.15385386039874815
2025-09-08,JPM,0.1781563719666126
2025-09-08,META,0.0
2025-09-08,MSFT,0.2791065580459992
2025-09-08,NVDA,0.0
2025-09-08,SPY,0.0
2025-09-08,TSLA,0.0
2025-09-08,V,0.3888832095886401
2025-09-09,AAPL,0.0
2025-09-09,AMZN,0.0
2025-09-09,GOOGL,0.0
2025-09-09,JNJ,0.31198038369438164
2025-09-09,JPM,0.0
2025-09-09,META,0.085596535308754
2025-09-09,MSFT,0.3647714215954526
2025-09-09,NVDA,0.0
2025-09-09,SPY,0.20810954974997814
2025-09-09,TSLA,0.029542109651433654
2025-09-09,V,0.0
2025-09-10,AAPL,0.0
2025-09-10,AMZN,0.0
2025-09-10,GOOGL,0.17966019662552177
2025-09-10,JNJ,0.0
2025-09-10,JPM,0.01065421869620232
2025-09-10,META,0.24176746788681514
2025-09-10,MSFT,0.0
2025-09-10,NVDA,0.014191121888048257
2025-09-10,SPY,0.46594317055236867
2025-09-10,TSLA,0.08778382435104382
2025-09-10,V,0.0
2025-09-11,AAPL,0.0
2025-09-11,AMZN,0.02542809449915707
2025-09-11,GOOGL,0.0
2025-09-11,JNJ,0.0
2025-09-11,JPM,0.28843282726868963
2025-09-11,META,0.19885294115415938
2025-09-11,MSFT,0.0
2025-09-11,NVDA,0.0
2025-09-11,SPY,0.4577763321345125
2025-09-11,TSLA,0.029509804943481304
2025-09-11,V,0.0
2025-09-12,AAPL,0.16004117388209868
2025-09-12,AMZN,0.0
2025-09-12,GOOGL,0.0
2025-09-12,JNJ,0.0
2025-09-12,JPM,0.042997373196720985
2025-09-12,META,0.297068495474446
2025-09-12,MSFT,0.0
2025-09-12,NVDA,0.01997294618908886
2025-09-12,SPY,0.47992001125764544
2025-09-12,TSLA,0.0
2025-09-12,V,0.0
2025-09-15,AAPL,0.05811578291112664
2025-09-15,AMZN,0.09146194145454781
2025-09-15,GOOGL,0.031533691931656296
2025-09-15,JNJ,0.0
2025-09-15,JPM,0.4148925611687769
2025-09-15,META,0.0505143913317081
2025-09-15,MSFT,0.0
2025-09-15,NVDA,0.0
2025-09-15,SPY,0.3474113734178642
2025-09-15,TSLA,0.006070257784320141
2025-09-15,V,0.0
2025-09-16,AAPL,0.0
2025-09-16,AMZN,0.012740325563859827
2025-09-16,GOOGL,0.0
2025-09-16,JNJ,0.0
2025-09-16,JPM,0.3431222695441422
2025-09-16,META,0.0
2025-09-16,MSFT,0.3570584551879275
2025-09-16,NVDA,0.23957819817625653
2025-09-16,SPY,0.0
2025-09-16,TSLA,0.047500751527813884
2025-09-16,V,0.0
2025-09-17,AAPL,0.0
2025-09-17,AMZN,0.0
2025-09-17,GOOGL,0.0
2025-09-17,JNJ,0.0
2025-09-17,JPM,0.38347866742517855
2025-09-17,META,0.08424171714181145
2025-09-17,MSFT,0.0
2025-09-17,NVDA,0.21144855146445454
2025-09-17,SPY,0.20620300450759857
2025-09-17,TSLA,0.11462805946095682
2025-09-17,V,0.0
2025-09-18,AAPL,0.0
2025-09-18,AMZN,0.0
2025-09-18,GOOGL,0.0
2025-09-18,JNJ,0.0
2025-09-18,JPM,0.43536997071557165
2025-09-18,META,0.06782160658686899
2025-09-18,MSFT,0.0
2025-09-18,NVDA,0.0875897340122058
2025-09-18,SPY,0.31109260201341926
2025-09-18,TSLA,0.09812608667193443
2025-09-18,V,0.0
2025-09-19,AAPL,0.0
2025-09-19,AMZN,0.0
2025-09-19,GOOGL,0.0
2025-09-19,JNJ,0.0630390820328425
2025-09-19,JPM,0.48899802780997625
2025-09-19,META,0.0
2025-09-19,MSFT,0.14832111876685516
2025-09-19,NVDA,0.0
2025-09-19,SPY,0.22378670725128633
2025-09-19,TSLA,0.07585506413903974
2025-09-19,V,0.0
2025-09-22,AAPL,0.0
2025-09-22,AMZN,0.0
2025-09-22,GOOGL,0.0
2025-09-22,JNJ,0.0
2025-09-22,JPM,0.2615338770047955
2025-09-22,META,0.08594014940467924
2025-09-22,MSFT,0.04740715283754994
2025-09-22,NVDA,0.0
2025-09-22,SPY,0.5518737878539629
2025-09-22,TSLA,0.05324503289901227
2025-09-22,V,0.0
2025-09-23,AAPL,0.0
2025-09-23,AMZN,0.0
2025-09-23,GOOGL,0.09335963581449735
2025-09-23,JNJ,0.0
2025-09-23,JPM,0.0
2025-09-23,META,0.1045090441942007
2025-09-23,MSFT,0.0
2025-09-23,NVDA,0.0
2025-09-23,SPY,0.7722217840850113
2025-09-23,TSLA,0.0299095359062906
2025-09-23,V,0.0
2025-09-24,AAPL,0.0
2025-09-24,AMZN,0.08696396560064731
2025-09-24,GOOGL,0.08841249457023473
2025-09-24,JNJ,0.0
2025-09-24,JPM,0.0
2025-09-24,META,0.13648793149019933
2025-09-24,MSFT,0.0
2025-09-24,NVDA,0.0
2025-09-24,SPY,0.6201681801111021
2025-09-24,TSLA,0.06796742822781643
2025-09-24,V,0.0
2025-09-25,AAPL,0.0
2025-09-25,AMZN,0.01584189402012371
2025-09-25,GOOGL,0.03555375141728531
2025-09-25,JNJ,0.0
2025-09-25,JPM,0.13705380083931387
2025-09-25,META,0.05805642263178129
2025-09-25,MSFT,0.0
2025-09-25,NVDA,0.0
2025-09-25,SPY,0.7111655094116175
2025-09-25,TSLA,0.0423286216798784
2025-09-25,V,0.0
2025-09-26,AAPL,0.020966478702935103
2025-09-26,AMZN,0.0
2025-09-26,GOOGL,0.026217049101997063
2025-09-26,JNJ,0.0
2025-09-26,JPM,0.6937080514674008
2025-09-26,META,0.020202261442905864
2025-09-26,MSFT,0.0
2025-09-26,NVDA,0.0
2025-09-26,SPY,0.22692275238773058
2025-09-26,TSLA,0.011983406897030601
2025-09-26,V,0.0
2025-09-29,AAPL,0.0
2025-09-29,AMZN,0.0
2025-09-29,GOOGL,0.14093557379860056
2025-09-29,JNJ,0.0
2025-09-29,JPM,0.6576846754757479
2025-09-29,META,0.002574676780159736
2025-09-29,MSFT,0.036895512571359194
2025-09-29,NVDA,0.0
2025-09-29,SPY,0.15584825052218193
2025-09-29,TSLA,0.006061310851950758
2025-09-29,V,0.0
2025-09-30,AAPL,0.1600556405036876
2025-09-30,AMZN,0.0
2025-09-30,GOOGL,0.050026004097801606
2025-09-30,JNJ,0.0
2025-09-30,JPM,0.2382666226491063
2025-09-30,META,0.09362635827488061
2025-09-30,MSFT,0.0
2025-09-30,NVDA,0.0
2025-09-30,SPY,0.4536003462133451
2025-09-30,TSLA,0.004425028261178783
2025-09-30,V,0.0
2025-10-01,AAPL,0.0
2025-10-01,AMZN,0.0
2025-10-01,GOOGL,0.23417058043751016
2025-10-01,JNJ,0.0
2025-10-01,JPM,0.2524406321730679
2025-10-01,META,0.11799996699649812
2025-10-01,MSFT,0.0
2025-10-01,NVDA,0.0
2025-10-01,SPY,0.357499705043702
2025-10-01,TSLA,0.03788911534922191
2025-10-01,V,0.0
2025-10-02,AAPL,0.0
2025-10-02,AMZN,0.0
2025-10-02,GOOGL,0.02747874688913674
2025-10-02,JNJ,0.0
2025-10-02,JPM,0.3189776288904888
2025-10-02,META,0.03164276208446003
2025-10-02,MSFT,0.11462960043656854
2025-10-02,NVDA,0.0
2025-10-02,SPY,0.5028940339623669
2025-10-02,TSLA,0.004377227736978925
2025-10-02,V,0.0
