date,ticker,w_BL,w_EW,w_Sent
2025-01-17,AAPL,0.0,0.1,0.0
2025-01-17,AMZN,0.17580701656049047,0.1,0.03251071273542875
2025-01-17,GOOGL,0.22462396171003704,0.1,0.0806650765844433
2025-01-17,JNJ,0.21066685883941913,0.1,0.16658169411588636
2025-01-17,JPM,0.2748181662795725,0.1,0.19645967295746566
2025-01-17,META,0.0,0.1,0.0
2025-01-17,MSFT,0.0,0.1,0.16622630385629197
2025-01-17,NVDA,0.11408399661048085,0.1,0.06248717362044025
2025-01-17,TSLA,0.0,0.1,0.09407881568667606
2025-01-17,V,0.0,0.1,0.20099055044336772
2025-01-21,AAPL,0.24604521578117158,0.1,0.0
2025-01-21,AMZN,0.15685363560541674,0.1,0.20876898300780217
2025-01-21,GOOGL,0.15611959324942595,0.1,0.03527836184246505
2025-01-21,JNJ,0.28726055008701823,0.1,0.16637071028745323
2025-01-21,JPM,0.050192211814086674,0.1,0.003252677351225441
2025-01-21,META,0.0,0.1,0.08508021751195714
2025-01-21,MSFT,0.0,0.1,0.3427697660732818
2025-01-21,NVDA,0.1035287934628809,0.1,0.150960647488312
2025-01-21,TSLA,0.0,0.1,0.007518636437503198
2025-01-21,V,0.0,0.1,0.0
2025-01-22,AAPL,0.0,0.1,0.2595039221193214
2025-01-22,AMZN,0.22082222874349577,0.1,0.1126193505984096
2025-01-22,GOOGL,0.2840268079124918,0.1,0.0
2025-01-22,JNJ,0.2435924291434678,0.1,0.115532926864396
2025-01-22,JPM,0.11438009949161888,0.1,0.0
2025-01-22,META,0.0,0.1,0.061540178692722866
2025-01-22,MSFT,0.0,0.1,0.13149604878802953
2025-01-22,NVDA,0.13717843470892582,0.1,0.24247717557463355
2025-01-22,TSLA,0.0,0.1,0.0
2025-01-22,V,0.0,0.1,0.07683039736248697
2025-01-23,AAPL,0.11279779068876071,0.1,8.896192108897947e-05
2025-01-23,AMZN,0.20023261401502265,0.1,0.0
2025-01-23,GOOGL,0.1688394104223092,0.1,0.02327751315686241
2025-01-23,JNJ,0.40370101243679396,0.1,0.04400703323667329
2025-01-23,JPM,0.0,0.1,0.07092785968389952
2025-01-23,META,0.0,0.1,0.09691021992220887
2025-01-23,MSFT,0.0,0.1,0.18626891183567298
2025-01-23,NVDA,0.11442917243711352,0.1,0.0
2025-01-23,TSLA,0.0,0.1,0.4828171787548979
2025-01-23,V,0.0,0.1,0.09570232148869609
2025-01-24,AAPL,0.16459421716428813,0.1,0.00016320821229008837
2025-01-24,AMZN,0.16322684415554675,0.1,0.15881043184901672
2025-01-24,GOOGL,0.1718115572745269,0.1,0.31352517407041386
2025-01-24,JNJ,0.3617300415827718,0.1,0.15016873715064788
2025-01-24,JPM,0.0,0.1,0.0
2025-01-24,META,0.0,0.1,0.08693474237074356
2025-01-24,MSFT,0.0,0.1,0.2903977063468879
2025-01-24,NVDA,0.13863733982286636,0.1,0.0
2025-01-24,TSLA,0.0,0.1,0.0
2025-01-24,V,0.0,0.1,0.0
2025-01-27,AAPL,0.13666106288438656,0.1,0.0
2025-01-27,AMZN,0.2027124229188014,0.1,0.19602574403288908
2025-01-27,GOOGL,0.15635116497109,0.1,0.18132158579998342
2025-01-27,JNJ,0.3184025054385451,0.1,0.0
2025-01-27,JPM,0.0,0.1,1.6440577204040273e-05
2025-01-27,META,0.0,0.1,0.13127825552748812
2025-01-27,MSFT,0.0,0.1,0.03390385106111336
2025-01-27,NVDA,0.18587284378717706,0.1,0.0
2025-01-27,TSLA,0.0,0.1,0.33950827873480616
2025-01-27,V,0.0,0.1,0.11794584426651591
2025-01-28,AAPL,0.11471148004165642,0.1,0.0
2025-01-28,AMZN,0.10293716145245115,0.1,0.21799937514076964
2025-01-28,GOOGL,0.17537699580732716,0.1,0.1280377371116355
2025-01-28,JNJ,0.40100506700647254,0.1,0.25110868144040993
2025-01-28,JPM,0.0,0.1,0.0
2025-01-28,META,0.0,0.1,0.24418369499534334
2025-01-28,MSFT,0.0,0.1,0.05059360035046981
2025-01-28,NVDA,0.20596929569209288,0.1,0.0
2025-01-28,TSLA,0.0,0.1,0.0
2025-01-28,V,0.0,0.1,0.1080769109613719
2025-01-29,AAPL,0.3155682824411357,0.1,0.1448653612216929
2025-01-29,AMZN,0.12455655142479308,0.1,0.0
2025-01-29,GOOGL,0.12476038689037626,0.1,0.13284085597771228
2025-01-29,JNJ,0.2050089795789688,0.1,0.07376617778369589
2025-01-29,JPM,0.03527492380316299,0.1,0.18272626226897015
2025-01-29,META,0.0,0.1,0.2998854162071396
2025-01-29,MSFT,0.0,0.1,0.016085961635405717
2025-01-29,NVDA,0.19483087586156317,0.1,0.0017546303977868808
2025-01-29,TSLA,0.0,0.1,0.07372517766553065
2025-01-29,V,0.0,0.1,0.07435015684206586
2025-01-30,AAPL,0.4809598978418331,0.1,0.2389384175053182
2025-01-30,AMZN,0.22014227726434307,0.1,0.1401409036700411
2025-01-30,GOOGL,0.17828294893408295,0.1,0.0
2025-01-30,JNJ,0.0,0.1,0.08701728233786478
2025-01-30,JPM,0.12061487595974085,0.1,0.0
2025-01-30,META,0.0,0.1,0.15867109886492034
2025-01-30,MSFT,0.0,0.1,0.0
2025-01-30,NVDA,0.0,0.1,0.0
2025-01-30,TSLA,0.0,0.1,0.0
2025-01-30,V,0.0,0.1,0.37523229762185567
2025-01-31,AAPL,0.23972214908008474,0.1,0.23322849580702606
2025-01-31,AMZN,0.17747877459898362,0.1,0.19363351918635333
2025-01-31,GOOGL,0.21609024263005328,0.1,0.0
2025-01-31,JNJ,0.1561775132334975,0.1,0.0
2025-01-31,JPM,0.10355431815650873,0.1,0.08212802390479175
2025-01-31,META,0.0,0.1,0.16413057800759162
2025-01-31,MSFT,0.0,0.1,0.0
2025-01-31,NVDA,0.10697700230087218,0.1,0.04506384110902933
2025-01-31,TSLA,0.0,0.1,0.0
2025-01-31,V,0.0,0.1,0.2818155419852079
2025-02-03,AAPL,0.32431261282105717,0.1,0.0
2025-02-03,AMZN,0.11379755840654236,0.1,0.20565839912189504
2025-02-03,GOOGL,0.29089831602336635,0.1,0.3378901107095845
2025-02-03,JNJ,0.18347680467398195,0.1,0.06976907042944587
2025-02-03,JPM,0.03126207215697869,0.1,0.21008055949431487
2025-02-03,META,0.0,0.1,0.012245228787946387
2025-02-03,MSFT,0.0,0.1,0.0007153229155420775
2025-02-03,NVDA,0.04339614395934801,0.1,0.0
2025-02-03,TSLA,0.0,0.1,0.0
2025-02-03,V,0.012856491958725586,0.1,0.16364130854127126
2025-02-04,AAPL,0.29277615263910006,0.1,0.15409005917933966
2025-02-04,AMZN,0.18779277221822988,0.1,0.0
2025-02-04,GOOGL,0.17776663527521672,0.1,0.0
2025-02-04,JNJ,0.12953717558462055,0.1,3.8814095120158025e-05
2025-02-04,JPM,0.06940842788575596,0.1,0.02294006462150475
2025-02-04,META,0.0,0.1,0.0
2025-02-04,MSFT,0.0,0.1,0.0223990335450219
2025-02-04,NVDA,0.14271883639707675,0.1,0.2596218588174886
2025-02-04,TSLA,0.0,0.1,0.4517256122075252
2025-02-04,V,0.0,0.1,0.08918455753399968
2025-02-05,AAPL,0.09466176410902448,0.1,0.0
2025-02-05,AMZN,0.20469886675150115,0.1,0.2040631690233574
2025-02-05,GOOGL,0.1930041296641713,0.1,0.0
2025-02-05,JNJ,0.35887963867359046,0.1,0.0
2025-02-05,JPM,0.0,0.1,0.36632095982589113
2025-02-05,META,0.0,0.1,0.01694990613753879
2025-02-05,MSFT,0.0,0.1,0.0
2025-02-05,NVDA,0.14875560080171268,0.1,0.003746679804636519
2025-02-05,TSLA,0.0,0.1,0.3040619174644089
2025-02-05,V,0.0,0.1,0.10485736774416743
2025-02-06,AAPL,0.0714898361779254,0.1,0.0
2025-02-06,AMZN,0.17156902304310787,0.1,0.1674193858656007
2025-02-06,GOOGL,0.0,0.1,0.0
2025-02-06,JNJ,0.5462053999459281,0.1,0.06039428729924931
2025-02-06,JPM,0.0,0.1,0.09976050577173624
2025-02-06,META,0.0,0.1,0.0
2025-02-06,MSFT,0.0,0.1,0.3156155851316525
2025-02-06,NVDA,0.21073574083303864,0.1,0.13416920020841064
2025-02-06,TSLA,0.0,0.1,0.0004197019326431036
2025-02-06,V,0.0,0.1,0.2222213337907075
2025-02-07,AAPL,0.0,0.1,0.01566963156115392
2025-02-07,AMZN,0.1547882567969015,0.1,0.0519463709165466
2025-02-07,GOOGL,0.3732651720896369,0.1,0.14981642894555885
2025-02-07,JNJ,0.2948926931329674,0.1,0.012037238591009499
2025-02-07,JPM,0.0,0.1,0.050047160118198736
2025-02-07,META,0.0,0.1,0.1657345824386792
2025-02-07,MSFT,0.0,0.1,0.15738183071013181
2025-02-07,NVDA,0.17705387798049416,0.1,0.08207039088564344
2025-02-07,TSLA,0.0,0.1,0.2829001741252946
2025-02-07,V,0.0,0.1,0.03239619170778341
2025-02-10,AAPL,0.0,0.1,0.0032928977171156225
2025-02-10,AMZN,0.18936415649314287,0.1,0.0
2025-02-10,GOOGL,0.25086537777746515,0.1,0.0
2025-02-10,JNJ,0.28795181204419107,0.1,0.20127054881864145
2025-02-10,JPM,0.08221396211632148,0.1,0.19036412185315393
2025-02-10,META,0.0,0.1,0.21207051361526544
2025-02-10,MSFT,0.0,0.1,0.19239581097046207
2025-02-10,NVDA,0.18960469156887952,0.1,0.0
2025-02-10,TSLA,0.0,0.1,0.0
2025-02-10,V,0.0,0.1,0.20060610702536139
2025-02-11,AAPL,0.15442279662907143,0.1,0.0
2025-02-11,AMZN,0.17029110001886325,0.1,0.3786078738946052
2025-02-11,GOOGL,0.3066402901772736,0.1,0.015270206705854212
2025-02-11,JNJ,0.2123190957481227,0.1,0.3974780737975746
2025-02-11,JPM,0.016071709570315833,0.1,0.0
2025-02-11,META,0.0,0.1,0.20371332798876804
2025-02-11,MSFT,0.0,0.1,0.0
2025-02-11,NVDA,0.14025500785635311,0.1,0.0
2025-02-11,TSLA,0.0,0.1,0.0
2025-02-11,V,0.0,0.1,0.004930517613197854
2025-02-12,AAPL,0.34061447859251687,0.1,0.0
2025-02-12,AMZN,0.10280667387181042,0.1,0.031811277353095475
2025-02-12,GOOGL,0.13554424998621073,0.1,0.24243621795606893
2025-02-12,JNJ,0.23290360139112154,0.1,0.40268240155001805
2025-02-12,JPM,0.014772993249957695,0.1,0.0
2025-02-12,META,0.0,0.1,0.32307010314081763
2025-02-12,MSFT,0.0,0.1,0.0
2025-02-12,NVDA,0.17335800290838269,0.1,0.0
2025-02-12,TSLA,0.0,0.1,0.0
2025-02-12,V,0.0,0.1,0.0
2025-02-13,AAPL,0.34692169466969963,0.1,0.4915414864500128
2025-02-13,AMZN,0.10623362541372912,0.1,0.0
2025-02-13,GOOGL,0.13076834458158754,0.1,0.0
2025-02-13,JNJ,0.230071726695104,0.1,0.0
2025-02-13,JPM,0.016339136052147346,0.1,0.0
2025-02-13,META,0.0,0.1,0.17164143771467183
2025-02-13,MSFT,0.0,0.1,0.00016648363240756556
2025-02-13,NVDA,0.16966547258773224,0.1,0.15222042744012715
2025-02-13,TSLA,0.0,0.1,0.0
2025-02-13,V,0.0,0.1,0.1844301647627807
2025-02-14,AAPL,0.18581796195280548,0.1,0.0
2025-02-14,AMZN,0.12711545667154556,0.1,0.2543969826120919
2025-02-14,GOOGL,0.1682454794359107,0.1,0.0
2025-02-14,JNJ,0.33804629363821204,0.1,0.0
2025-02-14,JPM,0.052162416371589804,0.1,0.0
2025-02-14,META,0.0,0.1,0.13589790703255986
2025-02-14,MSFT,0.0,0.1,0.3905900668458426
2025-02-14,NVDA,0.10678483751868974,0.1,0.0
2025-02-14,TSLA,0.021827554411246754,0.1,0.0
2025-02-14,V,0.0,0.1,0.21911504350950556
2025-02-18,AAPL,0.3353699048869837,0.1,0.14516961940191728
2025-02-18,AMZN,0.14188853255341946,0.1,0.24751614376837486
2025-02-18,GOOGL,0.18341235405904707,0.1,0.12908300449180712
2025-02-18,JNJ,0.16922208547982792,0.1,0.07553732352887628
2025-02-18,JPM,0.0,0.1,0.10824886804189933
2025-02-18,META,0.0,0.1,0.06482062126737041
2025-02-18,MSFT,0.0,0.1,0.11668454797073301
2025-02-18,NVDA,0.17010712302072184,0.1,0.10718931061656807
2025-02-18,TSLA,0.0,0.1,0.0
2025-02-18,V,0.0,0.1,0.005750560912453556
2025-02-19,AAPL,0.21199413579053394,0.1,0.19172225121166075
2025-02-19,AMZN,0.14739666887676628,0.1,0.0
2025-02-19,GOOGL,0.15889948714821991,0.1,0.0
2025-02-19,JNJ,0.3403283174332762,0.1,0.027043223262288182
2025-02-19,JPM,0.004098856306225882,0.1,0.34989949271866705
2025-02-19,META,0.0,0.1,0.1420978078629969
2025-02-19,MSFT,0.0,0.1,0.07342202343895307
2025-02-19,NVDA,0.13728253444497787,0.1,0.2051071647658717
2025-02-19,TSLA,0.0,0.1,0.010708036739562334
2025-02-19,V,0.0,0.1,0.0
2025-02-20,AAPL,0.14786075550465008,0.1,0.14425236529642207
2025-02-20,AMZN,0.16958687659075913,0.1,0.1112441516968244
2025-02-20,GOOGL,0.1802027265428776,0.1,0.38219050928977294
2025-02-20,JNJ,0.3550917633345558,0.1,0.031279394769700125
2025-02-20,JPM,0.0,0.1,0.0
2025-02-20,META,0.0,0.1,0.0001434708768705093
2025-02-20,MSFT,0.0,0.1,0.06203150170032312
2025-02-20,NVDA,0.1472578780271574,0.1,0.26831231309713
2025-02-20,TSLA,0.0,0.1,0.0
2025-02-20,V,0.0,0.1,0.0005462932729568877
2025-02-21,AAPL,0.15325359317166248,0.1,0.395589514740777
2025-02-21,AMZN,0.14701161993651654,0.1,0.2646110781243318
2025-02-21,GOOGL,0.12422817679195756,0.1,0.0
2025-02-21,JNJ,0.33820458881976645,0.1,0.0
2025-02-21,JPM,0.08844148835494578,0.1,0.0
2025-02-21,META,0.0,0.1,0.18751221827775508
2025-02-21,MSFT,0.0,0.1,0.0
2025-02-21,NVDA,0.14886053292515122,0.1,0.0736971445198171
2025-02-21,TSLA,0.0,0.1,0.0
2025-02-21,V,0.0,0.1,0.07859004433731906
2025-02-24,AAPL,0.12498423458719854,0.1,0.0036162069833568806
2025-02-24,AMZN,0.14789865862594398,0.1,0.349120613088062
2025-02-24,GOOGL,0.13358971384277746,0.1,0.0006808525749431024
2025-02-24,JNJ,0.3524711708113134,0.1,0.389837356753301
2025-02-24,JPM,0.12360520223840181,0.1,0.256744970600337
2025-02-24,META,0.0,0.1,0.0
2025-02-24,MSFT,0.0,0.1,0.0
2025-02-24,NVDA,0.11745101989436463,0.1,0.0
2025-02-24,TSLA,0.0,0.1,0.0
2025-02-24,V,0.0,0.1,0.0
2025-02-25,AAPL,0.13324635505907384,0.1,0.1376162384032635
2025-02-25,AMZN,0.20373651157981906,0.1,0.234157122712833
2025-02-25,GOOGL,0.15942269417917948,0.1,0.01881703513078474
2025-02-25,JNJ,0.3175996816158326,0.1,0.34295626272208607
2025-02-25,JPM,0.022004216596826182,0.1,0.26645334103103263
2025-02-25,META,0.0,0.1,0.0
2025-02-25,MSFT,0.0,0.1,0.0
2025-02-25,NVDA,0.16399054096926877,0.1,0.0
2025-02-25,TSLA,0.0,0.1,0.0
2025-02-25,V,0.0,0.1,0.0
2025-02-26,AAPL,0.13217371578430967,0.1,0.05195448363913214
2025-02-26,AMZN,0.22584650046392554,0.1,0.10365020303649035
2025-02-26,GOOGL,0.190799685232802,0.1,0.1776700430836675
2025-02-26,JNJ,0.2575726466610716,0.1,0.07429887434973924
2025-02-26,JPM,0.0,0.1,0.0383110758125067
2025-02-26,META,0.0,0.1,0.0
2025-02-26,MSFT,0.0,0.1,0.2484580453921384
2025-02-26,NVDA,0.19360745185789124,0.1,0.09877979224773484
2025-02-26,TSLA,0.0,0.1,0.2065131798663251
2025-02-26,V,0.0,0.1,0.00036430257226566416
2025-02-27,AAPL,0.06641364979877108,0.1,0.2996278279964962
2025-02-27,AMZN,0.16117606308001586,0.1,0.17558028085532176
2025-02-27,GOOGL,0.2581182310363201,0.1,0.2923189823112206
2025-02-27,JNJ,0.3556267326282616,0.1,0.0
2025-02-27,JPM,0.0,0.1,0.0017320705852187498
2025-02-27,META,0.0,0.1,0.0
2025-02-27,MSFT,0.0,0.1,0.05157187258765407
2025-02-27,NVDA,0.14039394870641997,0.1,0.17654699841942265
2025-02-27,TSLA,0.01827137475021146,0.1,0.0
2025-02-27,V,0.0,0.1,0.002621967244665998
2025-02-28,AAPL,0.2296790173422899,0.1,1.3439325855349768e-06
2025-02-28,AMZN,0.08896258605508411,0.1,0.18078470094695578
2025-02-28,GOOGL,0.3880082843194794,0.1,0.021717346679527936
2025-02-28,JNJ,0.2690903910287786,0.1,0.2431587261693466
2025-02-28,JPM,0.0,0.1,0.0
2025-02-28,META,0.0,0.1,0.0986059453225213
2025-02-28,MSFT,0.0,0.1,0.10840990929302093
2025-02-28,NVDA,0.0,0.1,0.34709869850119446
2025-02-28,TSLA,0.024259721254367844,0.1,0.0
2025-02-28,V,0.0,0.1,0.00022332915484737342
2025-03-03,AAPL,0.12353705048750263,0.1,0.11637017383582371
2025-03-03,AMZN,0.0863567787440407,0.1,0.2985163937887037
2025-03-03,GOOGL,0.2745899161247546,0.1,0.04386815804234543
2025-03-03,JNJ,0.2255816983628985,0.1,0.006394569725903181
2025-03-03,JPM,0.03440411798466656,0.1,0.0
2025-03-03,META,0.0,0.1,0.1609281851859672
2025-03-03,MSFT,0.0,0.1,0.14135450974657157
2025-03-03,NVDA,0.090696943105024,0.1,0.0
2025-03-03,TSLA,0.01070789537173364,0.1,0.23256800967468527
2025-03-03,V,0.1541255998193793,0.1,0.0
2025-03-04,AAPL,0.10171502890127686,0.1,0.15778510576288596
2025-03-04,AMZN,0.1776752561675909,0.1,0.1281802893337108
2025-03-04,GOOGL,0.2569068448907423,0.1,0.0
2025-03-04,JNJ,0.2953083417303927,0.1,0.13204328416240846
2025-03-04,JPM,0.0,0.1,0.0
2025-03-04,META,0.0,0.1,0.0
2025-03-04,MSFT,0.0,0.1,0.0
2025-03-04,NVDA,0.01751049920068743,0.1,0.0
2025-03-04,TSLA,0.0,0.1,0.38799733057851105
2025-03-04,V,0.15088402910930973,0.1,0.19399399016248361
2025-03-05,AAPL,0.08765719535064025,0.1,0.32088227157266386
2025-03-05,AMZN,0.20509580013437656,0.1,0.0
2025-03-05,GOOGL,0.1839652521907019,0.1,0.04782302299210167
2025-03-05,JNJ,0.3532313026383464,0.1,0.22816436106634108
2025-03-05,JPM,0.0,0.1,0.0
2025-03-05,META,0.0,0.1,0.0043618334190975005
2025-03-05,MSFT,0.0,0.1,0.0
2025-03-05,NVDA,0.17005044968593488,0.1,0.0
2025-03-05,TSLA,0.0,0.1,0.391230817462474
2025-03-05,V,0.0,0.1,0.007537693487321866
2025-03-06,AAPL,0.11504342419218673,0.1,0.2859900263907479
2025-03-06,AMZN,0.19046887123247278,0.1,0.054928398334694845
2025-03-06,GOOGL,0.20054261484632577,0.1,0.28574474491565327
2025-03-06,JNJ,0.16821464910386044,0.1,0.28594336846473883
2025-03-06,JPM,0.21387988465732555,0.1,0.0
2025-03-06,META,0.0,0.1,5.177900608118872e-05
2025-03-06,MSFT,0.0,0.1,0.004225536777241778
2025-03-06,NVDA,0.11185055596782864,0.1,0.0
2025-03-06,TSLA,0.0,0.1,0.07803616395824688
2025-03-06,V,0.0,0.1,0.005079982152595263
2025-03-07,AAPL,0.4363442128325569,0.1,0.5091895843216719
2025-03-07,AMZN,0.054934465977919275,0.1,0.02265412951706238
2025-03-07,GOOGL,0.4347854524549495,0.1,0.16216794213913957
2025-03-07,JNJ,0.0,0.1,0.0
2025-03-07,JPM,0.07393586873457428,0.1,0.02555837547540126
2025-03-07,META,0.0,0.1,0.26778629619604266
2025-03-07,MSFT,0.0,0.1,0.0
2025-03-07,NVDA,0.0,0.1,0.01264367235068232
2025-03-07,TSLA,0.0,0.1,0.0
2025-03-07,V,0.0,0.1,0.0
2025-03-10,AAPL,0.05593834283747074,0.1,0.0
2025-03-10,AMZN,0.2182217356859639,0.1,0.22781028650320823
2025-03-10,GOOGL,0.14934370224684743,0.1,0.05513369613912781
2025-03-10,JNJ,0.2763135395777491,0.1,0.3199637608452362
2025-03-10,JPM,0.17773736919528588,0.1,0.0
2025-03-10,META,0.0,0.1,0.0
2025-03-10,MSFT,0.0,0.1,0.0
2025-03-10,NVDA,0.12244531045668301,0.1,0.23767528254423834
2025-03-10,TSLA,0.0,0.1,0.0
2025-03-10,V,0.0,0.1,0.1594169739681894
2025-03-11,AAPL,0.045435317629661694,0.1,0.08450274403775242
2025-03-11,AMZN,0.22093495522028708,0.1,0.13569487098373187
2025-03-11,GOOGL,0.18167643929729127,0.1,0.3824509563455971
2025-03-11,JNJ,0.372333365124214,0.1,0.09454389123435761
2025-03-11,JPM,0.10675058325277376,0.1,0.0
2025-03-11,META,0.0,0.1,0.009374197124893312
2025-03-11,MSFT,0.0,0.1,0.0
2025-03-11,NVDA,0.07286933947577212,0.1,0.21543983017641002
2025-03-11,TSLA,0.0,0.1,0.0
2025-03-11,V,0.0,0.1,0.07799351009725768
2025-03-12,AAPL,0.2340790991166989,0.1,0.0
2025-03-12,AMZN,0.09265468120963813,0.1,0.3833565333782829
2025-03-12,GOOGL,0.17846451182716924,0.1,0.16926513531724618
2025-03-12,JNJ,0.1650442462162396,0.1,0.21575036246669954
2025-03-12,JPM,0.20985349142251014,0.1,0.004283935832433906
2025-03-12,META,0.0,0.1,0.0
2025-03-12,MSFT,0.0,0.1,0.06503853952150135
2025-03-12,NVDA,0.0842928953407587,0.1,0.16230549348383608
2025-03-12,TSLA,0.035611074866985296,0.1,0.0
2025-03-12,V,0.0,0.1,0.0
2025-03-13,AAPL,0.2465726942700412,0.1,0.1855231595754568
2025-03-13,AMZN,0.052578920882479285,0.1,0.0
2025-03-13,GOOGL,0.16174432008790776,0.1,0.3703714727606694
2025-03-13,JNJ,0.18067621613750526,0.1,0.07109042686435703
2025-03-13,JPM,0.14149253898187525,0.1,0.0
2025-03-13,META,0.0,0.1,0.0
2025-03-13,MSFT,0.0,0.1,0.0024540255168838663
2025-03-13,NVDA,0.11693347386612044,0.1,0.18505625594528663
2025-03-13,TSLA,0.10000183577407076,0.1,0.18550465933734633
2025-03-13,V,0.0,0.1,0.0
2025-03-14,AAPL,0.17312709236165846,0.1,0.09749339051299243
2025-03-14,AMZN,0.168654002970248,0.1,0.24073557402056797
2025-03-14,GOOGL,0.30245980683365786,0.1,0.16808281670915223
2025-03-14,JNJ,0.0,0.1,0.1120508697925242
2025-03-14,JPM,0.16895599202510594,0.1,0.10939149586417261
2025-03-14,META,0.0,0.1,0.05619246007018187
2025-03-14,MSFT,0.0,0.1,0.058909895112736615
2025-03-14,NVDA,0.1868031058093297,0.1,0.14941955346194635
2025-03-14,TSLA,0.0,0.1,0.0
2025-03-14,V,0.0,0.1,0.007723944455725616
2025-03-17,AAPL,0.40455915565723866,0.1,0.0
2025-03-17,AMZN,0.07968296696204183,0.1,0.0
2025-03-17,GOOGL,0.2362317303790342,0.1,0.10775832153090281
2025-03-17,JNJ,0.010424014013180303,0.1,0.21705954636999375
2025-03-17,JPM,0.10304254676690087,0.1,0.04625099357203422
2025-03-17,META,0.0,0.1,0.0
2025-03-17,MSFT,0.0,0.1,0.11656865269765461
2025-03-17,NVDA,0.16605958622160427,0.1,0.35307043843600955
2025-03-17,TSLA,0.0,0.1,0.003506515033218525
2025-03-17,V,0.0,0.1,0.15578553236018644
2025-03-18,AAPL,0.18457458557125755,0.1,0.0
2025-03-18,AMZN,0.12303343402454772,0.1,0.49441430565612277
2025-03-18,GOOGL,0.23618260890506035,0.1,0.0042303160082741926
2025-03-18,JNJ,0.08752437564673941,0.1,0.0
2025-03-18,JPM,0.15786574920927948,0.1,0.2590564302991437
2025-03-18,META,0.0,0.1,0.0009916319271602548
2025-03-18,MSFT,0.0,0.1,0.18118580075354324
2025-03-18,NVDA,0.21081924664311547,0.1,0.013208818197154562
2025-03-18,TSLA,0.0,0.1,0.0
2025-03-18,V,0.0,0.1,0.046912697158601316
2025-03-19,AAPL,0.0,0.1,0.0
2025-03-19,AMZN,0.15541442929221297,0.1,0.0
2025-03-19,GOOGL,0.23749470824181929,0.1,0.26987147942218526
2025-03-19,JNJ,0.3609742094933338,0.1,0.0
2025-03-19,JPM,0.0,0.1,0.31786050956590933
2025-03-19,META,0.0,0.1,0.0019853482287325113
2025-03-19,MSFT,0.0,0.1,0.0
2025-03-19,NVDA,0.2461166529726339,0.1,0.0
2025-03-19,TSLA,0.0,0.1,0.19105684055616737
2025-03-19,V,0.0,0.1,0.21922582222700557
2025-03-20,AAPL,0.07672432950437318,0.1,0.0
2025-03-20,AMZN,0.282402245815382,0.1,0.0
2025-03-20,GOOGL,0.229655869133191,0.1,0.6970280962119978
2025-03-20,JNJ,0.16986500255758544,0.1,0.0
2025-03-20,JPM,0.0,0.1,0.0
2025-03-20,META,0.0,0.1,0.11179073608554124
2025-03-20,MSFT,0.0,0.1,0.0
2025-03-20,NVDA,0.22163645567754783,0.1,0.18182198778274025
2025-03-20,TSLA,0.019716097311920498,0.1,0.00935917991972085
2025-03-20,V,0.0,0.1,0.0
2025-03-21,AAPL,0.028336481258789088,0.1,0.0
2025-03-21,AMZN,0.2191325766261207,0.1,0.0
2025-03-21,GOOGL,0.20892013296637502,0.1,0.07385179784516223
2025-03-21,JNJ,0.3599867655503412,0.1,0.726213958016376
2025-03-21,JPM,0.0,0.1,0.006059803081802961
2025-03-21,META,0.0,0.1,0.0
2025-03-21,MSFT,0.0,0.1,0.19387444105665885
2025-03-21,NVDA,0.18362404359837411,0.1,0.0
2025-03-21,TSLA,0.0,0.1,0.0
2025-03-21,V,0.0,0.1,0.0
2025-03-24,AAPL,0.12294881180713042,0.1,0.17279033629290474
2025-03-24,AMZN,0.12322326731398807,0.1,0.1408506173189439
2025-03-24,GOOGL,0.13048669544409078,0.1,0.055433406091288356
2025-03-24,JNJ,0.47235150302911943,0.1,0.2906498243817914
2025-03-24,JPM,0.018681028283185196,0.1,4.942846609952031e-05
2025-03-24,META,0.0,0.1,0.0
2025-03-24,MSFT,0.0,0.1,0.14199293315562925
2025-03-24,NVDA,0.09589443852406576,0.1,0.040676230285627286
2025-03-24,TSLA,0.014350798250969892,0.1,0.048631413897017924
2025-03-24,V,0.02206345734745051,0.1,0.10892581011069766
2025-03-25,AAPL,0.10801161034963826,0.1,0.0948000629495644
2025-03-25,AMZN,0.12685322323369622,0.1,0.047462230792654644
2025-03-25,GOOGL,0.16444789399308576,0.1,0.06720053255735967
2025-03-25,JNJ,0.2641762383951878,0.1,0.3013371656878596
2025-03-25,JPM,0.0448196009395281,0.1,0.07269314630355839
2025-03-25,META,0.0,0.1,0.06703231977742997
2025-03-25,MSFT,0.0,0.1,0.08036624349808585
2025-03-25,NVDA,0.08804159598040186,0.1,0.08275256132720327
2025-03-25,TSLA,0.20364983710846207,0.1,0.035682112704391485
2025-03-25,V,0.0,0.1,0.1506736244018926
2025-03-26,AAPL,0.07607771994996967,0.1,0.033848664652960006
2025-03-26,AMZN,0.1890959630993834,0.1,0.16777193887858416
2025-03-26,GOOGL,0.17525220290523877,0.1,0.2628945858268713
2025-03-26,JNJ,0.1365973926346531,0.1,0.03731319763161451
2025-03-26,JPM,0.06694297669397115,0.1,0.0
2025-03-26,META,0.0,0.1,0.22971912274061404
2025-03-26,MSFT,0.0,0.1,0.1256162941162134
2025-03-26,NVDA,0.08095636438146361,0.1,0.1428361961531426
2025-03-26,TSLA,0.27507738033532037,0.1,0.0
2025-03-26,V,0.0,0.1,0.0
2025-03-27,AAPL,0.1943038876902921,0.1,0.0
2025-03-27,AMZN,0.1676460315269253,0.1,0.019591333755111007
2025-03-27,GOOGL,0.16637213123800004,0.1,0.35918950740580835
2025-03-27,JNJ,0.1692163919425024,0.1,0.23509527355978269
2025-03-27,JPM,0.13510445790592962,0.1,2.999118335141703e-05
2025-03-27,META,0.0,0.1,0.0
2025-03-27,MSFT,0.0,0.1,0.0
2025-03-27,NVDA,0.1673570996963505,0.1,0.0
2025-03-27,TSLA,0.0,0.1,0.0
2025-03-27,V,0.0,0.1,0.3860938940959465
2025-03-28,AAPL,0.12854621294484742,0.1,0.1563150817981964
2025-03-28,AMZN,0.1485661169102672,0.1,0.10885862045175239
2025-03-28,GOOGL,0.28260506235767496,0.1,0.032296663245298896
2025-03-28,JNJ,0.17949741568328992,0.1,0.0
2025-03-28,JPM,0.0,0.1,0.0
2025-03-28,META,0.0,0.1,0.06927552432279371
2025-03-28,MSFT,0.0,0.1,0.0
2025-03-28,NVDA,0.24836218663970253,0.1,0.5346688205784296
2025-03-28,TSLA,0.012423005464218081,0.1,0.0
2025-03-28,V,0.0,0.1,0.098585289603529
2025-03-31,AAPL,0.13608156772491267,0.1,0.0054758305655883905
2025-03-31,AMZN,0.15277886810256341,0.1,0.2227693503370472
2025-03-31,GOOGL,0.37614647318314226,0.1,0.4526863294551243
2025-03-31,JNJ,0.04225524097727877,0.1,0.0
2025-03-31,JPM,0.11874746252346477,0.1,3.421231980736993e-05
2025-03-31,META,0.0,0.1,0.24737718955886545
2025-03-31,MSFT,0.0,0.1,0.0
2025-03-31,NVDA,0.17399038748863818,0.1,0.07165708776356722
2025-03-31,TSLA,0.0,0.1,0.0
2025-03-31,V,0.0,0.1,0.0
2025-04-01,AAPL,0.10161842688047433,0.1,0.0
2025-04-01,AMZN,0.20517435264216885,0.1,0.23613626353761713
2025-04-01,GOOGL,0.19123216607273572,0.1,0.18685566405509563
2025-04-01,JNJ,0.29701588803098894,0.1,0.0
2025-04-01,JPM,0.09136353307072347,0.1,0.00538228925025288
2025-04-01,META,0.0,0.1,0.055984987940744226
2025-04-01,MSFT,0.0,0.1,0.06794402726036892
2025-04-01,NVDA,0.11359563330290866,0.1,0.42876798313373266
2025-04-01,TSLA,0.0,0.1,0.0189287848221885
2025-04-01,V,0.0,0.1,0.0
2025-04-02,AAPL,0.18246888803698655,0.1,0.289593072657298
2025-04-02,AMZN,0.2952109796494494,0.1,0.1544978692221898
2025-04-02,GOOGL,0.3675503861402686,0.1,0.0
2025-04-02,JNJ,0.0,0.1,0.0
2025-04-02,JPM,0.018243064408336108,0.1,0.0
2025-04-02,META,0.0,0.1,0.0
2025-04-02,MSFT,0.0,0.1,0.25899534764955734
2025-04-02,NVDA,0.13652668176495916,0.1,0.2969137104709548
2025-04-02,TSLA,0.0,0.1,0.0
2025-04-02,V,0.0,0.1,0.0
2025-04-03,AAPL,0.034014414703978875,0.1,0.0
2025-04-03,AMZN,0.12025268118419759,0.1,0.0
2025-04-03,GOOGL,0.10413349013162683,0.1,0.14995468193406858
2025-04-03,JNJ,0.6183243057031467,0.1,0.0
2025-04-03,JPM,0.0,0.1,0.0
2025-04-03,META,0.0,0.1,0.0
2025-04-03,MSFT,0.0,0.1,0.0
2025-04-03,NVDA,0.0926391220420396,0.1,0.0
2025-04-03,TSLA,0.030635986235010626,0.1,0.7692830886652114
2025-04-03,V,0.0,0.1,0.08076222940072
2025-04-04,AAPL,0.0,0.1,0.0
2025-04-04,AMZN,0.0,0.1,0.1777807981405297
2025-04-04,GOOGL,0.16550193600484353,0.1,0.0
2025-04-04,JNJ,0.6882296498926143,0.1,0.10655467424220111
2025-04-04,JPM,0.0,0.1,0.25664910941960023
2025-04-04,META,0.0,0.1,0.007912410859832263
2025-04-04,MSFT,0.0,0.1,0.22580270570629962
2025-04-04,NVDA,0.14253239930813483,0.1,0.0
2025-04-04,TSLA,0.002938132073424818,0.1,0.0
2025-04-04,V,0.0007978827209825127,0.1,0.225300301631537
2025-04-07,AAPL,0.41744471541964406,0.1,0.11346225360322816
2025-04-07,AMZN,0.19578187447556625,0.1,0.23584305576154935
2025-04-07,GOOGL,0.08799074295632937,0.1,0.07787112402365369
2025-04-07,JNJ,0.025877621533338925,0.1,0.0
2025-04-07,JPM,0.16448431324241125,0.1,0.0
2025-04-07,META,0.0,0.1,0.0916847704890589
2025-04-07,MSFT,0.0,0.1,0.3629431529864404
2025-04-07,NVDA,0.10842073237271004,0.1,0.0
2025-04-07,TSLA,0.0,0.1,0.0
2025-04-07,V,0.0,0.1,0.11819564313606933
2025-04-08,AAPL,0.37863195644755504,0.1,0.0
2025-04-08,AMZN,0.06526767747347284,0.1,0.09100251931886646
2025-04-08,GOOGL,0.05734540799530807,0.1,0.0
2025-04-08,JNJ,0.22087394562769544,0.1,0.16985877005700864
2025-04-08,JPM,0.20357709167234436,0.1,0.002375657115766759
2025-04-08,META,0.0,0.1,0.14249587660239305
2025-04-08,MSFT,0.0,0.1,0.1921017529728526
2025-04-08,NVDA,0.07430392078362422,0.1,0.04569738344816967
2025-04-08,TSLA,0.0,0.1,0.0
2025-04-08,V,0.0,0.1,0.35646804048494285
2025-04-09,AAPL,0.44304785631608007,0.1,0.0
2025-04-09,AMZN,0.017984395020721286,0.1,0.2268887277519472
2025-04-09,GOOGL,0.06896987308069699,0.1,0.0
2025-04-09,JNJ,0.25582566272284374,0.1,0.0
2025-04-09,JPM,0.18178978659414205,0.1,0.10094330286276652
2025-04-09,META,0.0,0.1,0.0022123745645878912
2025-04-09,MSFT,0.0,0.1,0.28674280585313316
2025-04-09,NVDA,0.032382426265515823,0.1,0.37773528569782927
2025-04-09,TSLA,0.0,0.1,0.0
2025-04-09,V,0.0,0.1,0.005477503269735904
2025-04-10,AAPL,0.4531399500744449,0.1,0.12962754789424757
2025-04-10,AMZN,0.031296778201329874,0.1,0.0
2025-04-10,GOOGL,0.02341379452379828,0.1,0.337192128215454
2025-04-10,JNJ,0.1906320571571721,0.1,0.0951343676386197
2025-04-10,JPM,0.14042676077816305,0.1,0.1253498919250141
2025-04-10,META,0.0,0.1,0.17378303421348976
2025-04-10,MSFT,0.0,0.1,0.0
2025-04-10,NVDA,0.10393837217452749,0.1,0.0666008244132371
2025-04-10,TSLA,0.05715228709056444,0.1,0.06146473695497818
2025-04-10,V,0.0,0.1,0.010847468744959446
2025-04-11,AAPL,0.0,0.1,0.08669081211552046
2025-04-11,AMZN,0.0,0.1,0.2800840665279604
2025-04-11,GOOGL,0.22024663714612655,0.1,0.22103791652692675
2025-04-11,JNJ,0.12496597611287179,0.1,0.0
2025-04-11,JPM,0.12797897812513848,0.1,0.03494744573002816
2025-04-11,META,0.025818073674611686,0.1,0.009869311525078561
2025-04-11,MSFT,0.3193606338385454,0.1,0.0
2025-04-11,NVDA,0.0,0.1,0.367336800989309
2025-04-11,TSLA,0.0,0.1,0.0
2025-04-11,V,0.18162970110270607,0.1,3.364658517656189e-05
2025-04-14,AAPL,0.11047245629391941,0.1,0.04261597714794605
2025-04-14,AMZN,0.14904477987576975,0.1,0.10441114855270386
2025-04-14,GOOGL,0.20272510771163144,0.1,0.31122068275785286
2025-04-14,JNJ,0.3632971695460584,0.1,0.10369093447706726
2025-04-14,JPM,0.0663560639477911,0.1,0.03455413691987345
2025-04-14,META,0.0,0.1,0.022572834361223936
2025-04-14,MSFT,0.0,0.1,0.31121802737604015
2025-04-14,NVDA,0.10810442262482985,0.1,0.06958865994266343
2025-04-14,TSLA,0.0,0.1,0.0
2025-04-14,V,0.0,0.1,0.00012759846462911007
2025-04-15,AAPL,0.21540443097535347,0.1,0.3053208153357568
2025-04-15,AMZN,0.15124174563888568,0.1,0.0
2025-04-15,GOOGL,0.1527918690764495,0.1,0.09442410942883105
2025-04-15,JNJ,0.3196096369422509,0.1,0.31314931810971236
2025-04-15,JPM,0.04902198937699356,0.1,0.20862728623000631
2025-04-15,META,0.0,0.1,0.0
2025-04-15,MSFT,0.0,0.1,0.0
2025-04-15,NVDA,0.11193032799006696,0.1,0.0
2025-04-15,TSLA,0.0,0.1,0.0
2025-04-15,V,0.0,0.1,0.07847847089569336
2025-04-16,AAPL,0.159520757030472,0.1,0.09231045745640093
2025-04-16,AMZN,0.19133226905684428,0.1,0.0
2025-04-16,GOOGL,0.20586902397862558,0.1,0.09612970499738155
2025-04-16,JNJ,0.3064178725794671,0.1,0.18531367110913316
2025-04-16,JPM,0.0,0.1,0.0
2025-04-16,META,0.0,0.1,0.08235795903553364
2025-04-16,MSFT,0.0,0.1,0.0001030642733849877
2025-04-16,NVDA,0.1368600773545911,0.1,0.0
2025-04-16,TSLA,0.0,0.1,0.472012326340866
2025-04-16,V,0.0,0.1,0.07177281678729963
2025-04-17,AAPL,0.23997371970755701,0.1,0.38493348405716726
2025-04-17,AMZN,0.2024248405998122,0.1,0.13062919712920434
2025-04-17,GOOGL,0.33625917938465566,0.1,0.0
2025-04-17,JNJ,0.07584836795814492,0.1,0.18799526235980993
2025-04-17,JPM,0.024548558232240187,0.1,0.0030594050801665694
2025-04-17,META,0.0,0.1,0.08080580003480835
2025-04-17,MSFT,0.0,0.1,0.0
2025-04-17,NVDA,0.12094533411758995,0.1,0.21257685133884335
2025-04-17,TSLA,0.0,0.1,0.0
2025-04-17,V,0.0,0.1,0.0
2025-04-21,AAPL,0.07206477914238464,0.1,0.0
2025-04-21,AMZN,0.19342668219129117,0.1,0.0
2025-04-21,GOOGL,0.26449569526558653,0.1,0.0
2025-04-21,JNJ,0.18318736764532162,0.1,0.3171750364079504
2025-04-21,JPM,0.018505284442572358,0.1,0.082155920538239
2025-04-21,META,0.0,0.1,9.272658467308354e-05
2025-04-21,MSFT,0.0,0.1,0.0
2025-04-21,NVDA,0.2683201913128437,0.1,0.1120481272516877
2025-04-21,TSLA,0.0,0.1,0.3262806002625625
2025-04-21,V,0.0,0.1,0.16224758895488742
2025-04-22,AAPL,0.0,0.1,0.0
2025-04-22,AMZN,0.26632319177615865,0.1,0.0
2025-04-22,GOOGL,0.3024485423141,0.1,0.0
2025-04-22,JNJ,0.07793674103440554,0.1,0.31481320813944974
2025-04-22,JPM,0.0,0.1,0.6805591387996378
2025-04-22,META,0.0,0.1,0.0
2025-04-22,MSFT,0.0,0.1,0.0
2025-04-22,NVDA,0.35329152487533577,0.1,0.00459976470831904
2025-04-22,TSLA,0.0,0.1,0.0
2025-04-22,V,0.0,0.1,2.788835259339147e-05
2025-04-23,AAPL,0.10278936035788659,0.1,0.0
2025-04-23,AMZN,0.32789803798078815,0.1,0.1475700040426388
2025-04-23,GOOGL,0.29143611277355225,0.1,0.054333013724558794
2025-04-23,JNJ,0.0,0.1,0.2351802147645679
2025-04-23,JPM,0.0,0.1,0.0
2025-04-23,META,0.0,0.1,0.0
2025-04-23,MSFT,0.0,0.1,0.15580242349312162
2025-04-23,NVDA,0.2521797221682755,0.1,0.3123029614865402
2025-04-23,TSLA,0.02569676671949767,0.1,0.0
2025-04-23,V,0.0,0.1,0.09481138248857264
2025-04-24,AAPL,0.2433101467969471,0.1,0.0
2025-04-24,AMZN,0.2096535085887351,0.1,0.0
2025-04-24,GOOGL,0.1331058638338434,0.1,0.3083341724581415
2025-04-24,JNJ,0.08687635278087709,0.1,0.0
2025-04-24,JPM,0.10848892789981467,0.1,0.0
2025-04-24,META,0.0,0.1,0.0
2025-04-24,MSFT,0.0,0.1,0.0
2025-04-24,NVDA,0.04907227267488611,0.1,0.6916658275418586
2025-04-24,TSLA,0.0236666537841184,0.1,0.0
2025-04-24,V,0.1458262736407783,0.1,0.0
2025-04-25,AAPL,0.16188158237945188,0.1,0.13959143246705105
2025-04-25,AMZN,0.31657871635705825,0.1,0.2366114911030935
2025-04-25,GOOGL,0.14111153500632984,0.1,0.17340885960060273
2025-04-25,JNJ,0.18550247259403557,0.1,0.13685859372955453
2025-04-25,JPM,0.09812089370548714,0.1,6.047053602395914e-05
2025-04-25,META,0.0,0.1,0.0
2025-04-25,MSFT,0.0,0.1,0.09590585299421767
2025-04-25,NVDA,0.0691977124028629,0.1,0.11676918133500584
2025-04-25,TSLA,0.027607087554774506,0.1,0.10079411823445052
2025-04-25,V,0.0,0.1,0.0
2025-04-28,AAPL,0.13106211500267767,0.1,0.0
2025-04-28,AMZN,0.210896625131296,0.1,0.0
2025-04-28,GOOGL,0.19756790702827848,0.1,0.0
2025-04-28,JNJ,0.2532000066363938,0.1,1.0
2025-04-28,JPM,0.00017919935719490945,0.1,0.0
2025-04-28,META,0.0,0.1,0.0
2025-04-28,MSFT,0.0,0.1,0.0
2025-04-28,NVDA,0.11638249898561302,0.1,0.0
2025-04-28,TSLA,0.09071164785854618,0.1,0.0
2025-04-28,V,0.0,0.1,0.0
2025-04-29,AAPL,0.3506791813894805,0.1,0.0
2025-04-29,AMZN,0.18546753575890199,0.1,0.006617282411809806
2025-04-29,GOOGL,0.12200426995529855,0.1,0.1855918875733514
2025-04-29,JNJ,0.0,0.1,0.24179800094999535
2025-04-29,JPM,0.0,0.1,0.0
2025-04-29,META,0.0,0.1,0.0031662694806906463
2025-04-29,MSFT,0.0,0.1,0.1727778216412279
2025-04-29,NVDA,0.15961757274064192,0.1,0.0
2025-04-29,TSLA,0.18223144015567705,0.1,0.012529103319917332
2025-04-29,V,0.0,0.1,0.3775196346230075
2025-04-30,AAPL,0.3103842198813095,0.1,0.02110333891057592
2025-04-30,AMZN,0.2178441083019567,0.1,0.14557841999902565
2025-04-30,GOOGL,0.16482550374165084,0.1,0.10953216629029594
2025-04-30,JNJ,0.0,0.1,0.0
2025-04-30,JPM,0.17093898942890037,0.1,0.0
2025-04-30,META,0.0,0.1,0.07852377920594403
2025-04-30,MSFT,0.0,0.1,0.2239940066378425
2025-04-30,NVDA,0.1327750186446433,0.1,0.15091235174066156
2025-04-30,TSLA,0.0032321600015394313,0.1,0.2170413778517048
2025-04-30,V,0.0,0.1,0.05331455936394959
2025-05-01,AAPL,0.2153466097857982,0.1,0.0
2025-05-01,AMZN,0.18601271418314808,0.1,0.06200378582219051
2025-05-01,GOOGL,0.17561406329237111,0.1,0.06403245910722195
2025-05-01,JNJ,0.15013241839803798,0.1,0.0
2025-05-01,JPM,0.17287590956352464,0.1,0.10822985653707598
2025-05-01,META,0.0,0.1,0.19065988120072105
2025-05-01,MSFT,0.0,0.1,0.3085384973413459
2025-05-01,NVDA,0.1000182847771199,0.1,0.2333350211020942
2025-05-01,TSLA,0.0,0.1,0.0
2025-05-01,V,0.0,0.1,0.03320049888935048
2025-05-02,AAPL,0.2700801960545826,0.1,0.1318882332239351
2025-05-02,AMZN,0.22924542316720314,0.1,0.0
2025-05-02,GOOGL,0.20931995455046049,0.1,0.1621831252124102
2025-05-02,JNJ,0.1028664510586643,0.1,0.15824679947561182
2025-05-02,JPM,0.06553855706243389,0.1,0.0
2025-05-02,META,0.0,0.1,0.15164368884486937
2025-05-02,MSFT,0.0,0.1,0.0
2025-05-02,NVDA,0.11282770080498389,0.1,0.28082802978059546
2025-05-02,TSLA,0.010121717301671674,0.1,0.0
2025-05-02,V,0.0,0.1,0.11521012346257799
2025-05-05,AAPL,0.1373536549297985,0.1,0.30412340917808717
2025-05-05,AMZN,0.07907172979032369,0.1,0.0836904068903155
2025-05-05,GOOGL,0.10781990367426923,0.1,0.20914530020576455
2025-05-05,JNJ,0.0,0.1,0.0
2025-05-05,JPM,0.2330407462715169,0.1,2.5851971566733252e-06
2025-05-05,META,0.0,0.1,0.0
2025-05-05,MSFT,0.38855820163521787,0.1,0.1660541864651687
2025-05-05,NVDA,0.054155763698873746,0.1,0.23698411206350725
2025-05-05,TSLA,0.0,0.1,0.0
2025-05-05,V,0.0,0.1,0.0
2025-05-06,AAPL,0.5848273003345915,0.1,0.07640663615254781
2025-05-06,AMZN,0.0682685980178084,0.1,0.0
2025-05-06,GOOGL,0.11132366954805376,0.1,0.3017659636001663
2025-05-06,JNJ,0.0278155291197913,0.1,0.09013113855465098
2025-05-06,JPM,0.09558179520545702,0.1,0.09807534418498949
2025-05-06,META,0.0,0.1,0.12565479291720746
2025-05-06,MSFT,0.0,0.1,0.21231345732730286
2025-05-06,NVDA,0.11218310777429791,0.1,0.06634261845356479
2025-05-06,TSLA,0.0,0.1,0.0
2025-05-06,V,0.0,0.1,0.02931004880957022
2025-05-07,AAPL,0.3958413448729302,0.1,0.0
2025-05-07,AMZN,0.12484120706021312,0.1,0.10200637652186001
2025-05-07,GOOGL,0.09874201767963332,0.1,0.0
2025-05-07,JNJ,0.25825452625461337,0.1,0.2323374349859736
2025-05-07,JPM,0.013677871212092836,0.1,0.23299091640809247
2025-05-07,META,0.0,0.1,0.057966800522913094
2025-05-07,MSFT,0.0,0.1,0.015958354189010204
2025-05-07,NVDA,0.1086430329205171,0.1,0.2919388069318374
2025-05-07,TSLA,0.0,0.1,0.0
2025-05-07,V,0.0,0.1,0.0668013104403133
2025-05-08,AAPL,0.21615660789283928,0.1,0.0
2025-05-08,AMZN,0.17418487190444637,0.1,0.2872504135307005
2025-05-08,GOOGL,0.2615629734208631,0.1,0.061897053968363036
2025-05-08,JNJ,0.20117072353158336,0.1,0.0
2025-05-08,JPM,0.0526967368077388,0.1,0.0
2025-05-08,META,0.0,0.1,0.16279352277625722
2025-05-08,MSFT,0.0,0.1,0.16098912335905097
2025-05-08,NVDA,0.09422808644252907,0.1,0.22843456224661277
2025-05-08,TSLA,0.0,0.1,0.0
2025-05-08,V,0.0,0.1,0.09863532411901546
2025-05-09,AAPL,0.10454256288366719,0.1,0.36233942923302453
2025-05-09,AMZN,0.1040800560088288,0.1,0.14650990936154124
2025-05-09,GOOGL,0.35421786425515583,0.1,0.029535392495516535
2025-05-09,JNJ,0.1706170002563585,0.1,0.15568059910893156
2025-05-09,JPM,0.16891386372467423,0.1,2.0684199117247627e-05
2025-05-09,META,0.0,0.1,0.0011427544399602247
2025-05-09,MSFT,0.0,0.1,0.2925417823584125
2025-05-09,NVDA,0.09762865287131542,0.1,0.0
2025-05-09,TSLA,0.0,0.1,0.012229448803496131
2025-05-09,V,0.0,0.1,0.0
2025-05-12,AAPL,0.0,0.1,0.11292999648985805
2025-05-12,AMZN,0.2623695911361699,0.1,0.15759621721738257
2025-05-12,GOOGL,0.2782407769677006,0.1,0.0012018512989585045
2025-05-12,JNJ,0.2269047102326853,0.1,0.0
2025-05-12,JPM,0.0,0.1,0.0
2025-05-12,META,0.0,0.1,0.1413571496011549
2025-05-12,MSFT,0.0,0.1,0.12638197149465802
2025-05-12,NVDA,0.1914797490298397,0.1,0.36626906906591405
2025-05-12,TSLA,0.04100517263360458,0.1,0.0942637448320739
2025-05-12,V,0.0,0.1,0.0
2025-05-13,AAPL,0.13945683101393896,0.1,0.0
2025-05-13,AMZN,0.1143578130829667,0.1,0.00013586878725102306
2025-05-13,GOOGL,0.2833823353373021,0.1,0.1141559740166721
2025-05-13,JNJ,0.2473811204902092,0.1,0.11527380138041299
2025-05-13,JPM,0.03978294189318012,0.1,0.11461447304415294
2025-05-13,META,0.0,0.1,0.2793542295138346
2025-05-13,MSFT,0.0,0.1,0.11850469128506734
2025-05-13,NVDA,0.043147554986979475,0.1,0.0
2025-05-13,TSLA,0.06206498389153001,0.1,0.15424784230693325
2025-05-13,V,0.0704264193038934,0.1,0.10371311966567566
2025-05-14,AAPL,0.2683567186569641,0.1,0.017150050951401825
2025-05-14,AMZN,0.27821637906762603,0.1,0.14672908506982657
2025-05-14,GOOGL,0.040589916383171255,0.1,0.06681022010852673
2025-05-14,JNJ,0.2621381366718207,0.1,0.24206634254181414
2025-05-14,JPM,0.04554165014009561,0.1,0.08807792661951602
2025-05-14,META,0.0,0.1,0.005987908501099933
2025-05-14,MSFT,0.0,0.1,0.018683953528837876
2025-05-14,NVDA,0.0761297285167943,0.1,0.2641854894903198
2025-05-14,TSLA,0.029027470563527925,0.1,0.15025807719445214
2025-05-14,V,0.0,0.1,5.094599420508969e-05
2025-05-15,AAPL,0.10335181176584156,0.1,0.0
2025-05-15,AMZN,0.15323788049138354,0.1,0.36203707872745866
2025-05-15,GOOGL,0.13334094505436758,0.1,0.0
2025-05-15,JNJ,0.4353711983375142,0.1,0.06378605672044209
2025-05-15,JPM,0.0,0.1,0.0
2025-05-15,META,0.0,0.1,0.05775047065439526
2025-05-15,MSFT,0.0,0.1,0.224617755886416
2025-05-15,NVDA,0.15191180972416887,0.1,0.2533710138370373
2025-05-15,TSLA,0.022786354626724337,0.1,0.0
2025-05-15,V,0.0,0.1,0.03843762417425069
2025-05-16,AAPL,0.10121514983267661,0.1,0.0
2025-05-16,AMZN,0.21986527952327745,0.1,0.13289487191088978
2025-05-16,GOOGL,0.11581028753216832,0.1,0.2555310473063025
2025-05-16,JNJ,0.378117796235835,0.1,2.0733099444808087e-06
2025-05-16,JPM,0.017757152438275893,0.1,0.0
2025-05-16,META,0.0,0.1,0.0
2025-05-16,MSFT,0.0,0.1,0.2657443431043301
2025-05-16,NVDA,0.1615629022669604,0.1,0.3458276643685333
2025-05-16,TSLA,0.005671432170806374,0.1,0.0
2025-05-16,V,0.0,0.1,0.0
2025-05-19,AAPL,0.158995746299351,0.1,0.0
2025-05-19,AMZN,0.20117735577138887,0.1,0.0
2025-05-19,GOOGL,0.11829831945957175,0.1,0.40006770316129
2025-05-19,JNJ,0.3238453063076085,0.1,0.3664367853051485
2025-05-19,JPM,0.0,0.1,0.0
2025-05-19,META,0.0,0.1,0.0
2025-05-19,MSFT,0.0,0.1,0.0
2025-05-19,NVDA,0.1423997247923896,0.1,0.0
2025-05-19,TSLA,0.0,0.1,0.16644851155290152
2025-05-19,V,0.05528354736969028,0.1,0.06704699998066009
2025-05-20,AAPL,0.18045143371117553,0.1,0.0
2025-05-20,AMZN,0.1526505740977457,0.1,0.00021193940719886696
2025-05-20,GOOGL,0.16606526009864717,0.1,0.2608532026608905
2025-05-20,JNJ,0.2941784305207446,0.1,0.17251249219241177
2025-05-20,JPM,0.06710290392311943,0.1,0.03728491589803166
2025-05-20,META,0.0,0.1,0.0
2025-05-20,MSFT,0.0,0.1,0.28883886829279287
2025-05-20,NVDA,0.13955139764856753,0.1,0.09084100539585632
2025-05-20,TSLA,0.0,0.1,0.0
2025-05-20,V,0.0,0.1,0.14945757615281802
2025-05-21,AAPL,0.24244867960697578,0.1,0.0
2025-05-21,AMZN,0.12149028251829258,0.1,0.0
2025-05-21,GOOGL,0.3199511788290634,0.1,0.31625453880510207
2025-05-21,JNJ,0.11601032413145874,0.1,0.0
2025-05-21,JPM,0.04640291199897482,0.1,0.09883726879726544
2025-05-21,META,0.0,0.1,0.08184448265823568
2025-05-21,MSFT,0.0,0.1,0.20760116697850228
2025-05-21,NVDA,0.15369662291523462,0.1,0.144582891805146
2025-05-21,TSLA,0.0,0.1,0.0
2025-05-21,V,0.0,0.1,0.15087965095574857
2025-05-22,AAPL,0.3146585825278048,0.1,0.0
2025-05-22,AMZN,0.20221256002777133,0.1,0.09186886642627899
2025-05-22,GOOGL,0.18841885150843865,0.1,0.0
2025-05-22,JNJ,0.08436964350377141,0.1,0.3628231512833168
2025-05-22,JPM,0.0066587385447674525,0.1,0.25248065363504407
2025-05-22,META,0.0,0.1,0.0
2025-05-22,MSFT,0.0,0.1,0.019354108321861175
2025-05-22,NVDA,0.20368162388744646,0.1,0.2734732203334988
2025-05-22,TSLA,0.0,0.1,0.0
2025-05-22,V,0.0,0.1,0.0
2025-05-23,AAPL,0.32419159605846537,0.1,0.0
2025-05-23,AMZN,0.16230731095764936,0.1,0.1370355833791191
2025-05-23,GOOGL,0.2555480213290084,0.1,0.19939839808134133
2025-05-23,JNJ,0.11960377731698202,0.1,0.18638404468950198
2025-05-23,JPM,0.0,0.1,0.05227858678940738
2025-05-23,META,0.0,0.1,0.0
2025-05-23,MSFT,0.0,0.1,0.0
2025-05-23,NVDA,0.1383492943378948,0.1,0.3458561028380249
2025-05-23,TSLA,0.0,0.1,0.0
2025-05-23,V,0.0,0.1,0.07904728422260546
2025-05-27,AAPL,0.16286421639011056,0.1,0.0
2025-05-27,AMZN,0.1894512452557445,0.1,0.01259246094388759
2025-05-27,GOOGL,0.295953100990606,0.1,0.0
2025-05-27,JNJ,0.12366856238339234,0.1,0.0
2025-05-27,JPM,0.05568810296910597,0.1,0.0
2025-05-27,META,0.0,0.1,0.0028079560658863844
2025-05-27,MSFT,0.0,0.1,0.984599582990226
2025-05-27,NVDA,0.17237477201104065,0.1,0.0
2025-05-27,TSLA,0.0,0.1,0.0
2025-05-27,V,0.0,0.1,0.0
2025-05-28,AAPL,0.3626285045212294,0.1,0.0
2025-05-28,AMZN,0.1634515288675222,0.1,0.0
2025-05-28,GOOGL,0.11376057313813477,0.1,0.034866458467669226
2025-05-28,JNJ,0.21974809537529008,0.1,0.16783590050702155
2025-05-28,JPM,0.03908586854286742,0.1,0.1594284182933922
2025-05-28,META,0.0,0.1,0.0
2025-05-28,MSFT,0.0,0.1,0.21796706317523912
2025-05-28,NVDA,0.09977221984090492,0.1,0.12536319929224057
2025-05-28,TSLA,0.0015532097140511633,0.1,0.004844752895698953
2025-05-28,V,0.0,0.1,0.2896942073687384
2025-05-29,AAPL,0.06220221420975187,0.1,0.0
2025-05-29,AMZN,0.14077242787573113,0.1,0.0
2025-05-29,GOOGL,0.26002867268836705,0.1,0.0002154101584450794
2025-05-29,JNJ,0.41029659054388884,0.1,0.001658314456868086
2025-05-29,JPM,0.0,0.1,0.0
2025-05-29,META,0.0,0.1,0.0
2025-05-29,MSFT,0.0,0.1,0.529412022248871
2025-05-29,NVDA,0.1267000946822612,0.1,0.17251221780690498
2025-05-29,TSLA,0.0,0.1,0.0
2025-05-29,V,0.0,0.1,0.29620203532891104
2025-05-30,AAPL,0.14882006976940118,0.1,0.25193964171446837
2025-05-30,AMZN,0.21567549201124014,0.1,0.39603290046843614
2025-05-30,GOOGL,0.2174740936199825,0.1,0.14156207931164294
2025-05-30,JNJ,0.28880356609958185,0.1,0.0
2025-05-30,JPM,0.0,0.1,0.10336427740500936
2025-05-30,META,0.0,0.1,0.0
2025-05-30,MSFT,0.0,0.1,0.0001595540132910609
2025-05-30,NVDA,0.12922677849979455,0.1,0.10039771628319771
2025-05-30,TSLA,0.0,0.1,0.0
2025-05-30,V,0.0,0.1,0.006543830803954296
2025-06-02,AAPL,0.1447590054133927,0.1,0.08935165751382247
2025-06-02,AMZN,0.14395323904264293,0.1,0.040409068959993355
2025-06-02,GOOGL,0.16023523304552156,0.1,0.30043132416620183
2025-06-02,JNJ,0.4325678975038926,0.1,0.10638801279213951
2025-06-02,JPM,0.02262741956811592,0.1,0.0
2025-06-02,META,0.0,0.1,0.0
2025-06-02,MSFT,0.0,0.1,0.1820107010996006
2025-06-02,NVDA,0.09585720542643417,0.1,0.2003899819741488
2025-06-02,TSLA,0.0,0.1,0.0
2025-06-02,V,0.0,0.1,0.08101925349409345
2025-06-03,AAPL,0.2257848065682487,0.1,0.0
2025-06-03,AMZN,0.19917264130528622,0.1,0.03575557956074641
2025-06-03,GOOGL,0.22666265812244907,0.1,0.14538007908986605
2025-06-03,JNJ,0.20069777556973475,0.1,0.07424810721527907
2025-06-03,JPM,0.03163211911165663,0.1,0.02361733513276327
2025-06-03,META,0.0,0.1,0.1266678149327044
2025-06-03,MSFT,0.0,0.1,0.12432536843755046
2025-06-03,NVDA,0.11604999932262466,0.1,0.27006656140647745
2025-06-03,TSLA,0.0,0.1,0.0
2025-06-03,V,0.0,0.1,0.19993915422461292
2025-06-04,AAPL,0.21795763720641362,0.1,0.09101038793993246
2025-06-04,AMZN,0.14738665093388784,0.1,0.2523000955342499
2025-06-04,GOOGL,0.27204301950648363,0.1,0.10041006151500102
2025-06-04,JNJ,0.22437260136329412,0.1,0.06382645000219993
2025-06-04,JPM,0.04787772713997355,0.1,0.14514125612650736
2025-06-04,META,0.0,0.1,0.035118480398865504
2025-06-04,MSFT,0.0,0.1,0.08794491640506652
2025-06-04,NVDA,0.0903623638499473,0.1,0.22202867139766236
2025-06-04,TSLA,0.0,0.1,0.0
2025-06-04,V,0.0,0.1,0.002219680680515023
2025-06-05,AAPL,0.22616973955309727,0.1,0.01899643764870651
2025-06-05,AMZN,0.1915717011469998,0.1,0.4401974503082375
2025-06-05,GOOGL,0.23662429054578024,0.1,0.0017751017243646588
2025-06-05,JNJ,0.21770278359010872,0.1,0.0
2025-06-05,JPM,0.0,0.1,0.0
2025-06-05,META,0.0,0.1,0.0
2025-06-05,MSFT,0.0,0.1,0.1951736051038698
2025-06-05,NVDA,0.12793148516401398,0.1,0.3438574052148215
2025-06-05,TSLA,0.0,0.1,0.0
2025-06-05,V,0.0,0.1,0.0
2025-06-06,AAPL,0.29143470990116993,0.1,0.0
2025-06-06,AMZN,0.2080487486612276,0.1,0.08405653018979223
2025-06-06,GOOGL,0.18632481565425946,0.1,0.13436239521587723
2025-06-06,JNJ,0.11588362464823383,0.1,0.06390947816219092
2025-06-06,JPM,0.060672122078086206,0.1,0.2218056630966152
2025-06-06,META,0.0,0.1,0.12579766284412777
2025-06-06,MSFT,0.0,0.1,0.0
2025-06-06,NVDA,0.13763597905702307,0.1,0.2319128058509494
2025-06-06,TSLA,0.0,0.1,0.0
2025-06-06,V,0.0,0.1,0.13815546464044726
2025-06-09,AAPL,0.2541422996961421,0.1,0.15305640441035073
2025-06-09,AMZN,0.19518132308259897,0.1,0.2124808361719768
2025-06-09,GOOGL,0.20005106805201353,0.1,0.0
2025-06-09,JNJ,0.17700645447828167,0.1,0.0
2025-06-09,JPM,0.0,0.1,0.0
2025-06-09,META,0.0,0.1,0.0
2025-06-09,MSFT,0.0,0.1,0.03427713964345899
2025-06-09,NVDA,0.1149485395983889,0.1,0.1898968167437625
2025-06-09,TSLA,0.05867031509257473,0.1,0.22872474394426165
2025-06-09,V,0.0,0.1,0.18156405908618942
2025-06-10,AAPL,0.1910100627105283,0.1,0.3146010997897848
2025-06-10,AMZN,0.204737145689014,0.1,0.31844117754018025
2025-06-10,GOOGL,0.23555245879224482,0.1,0.0
2025-06-10,JNJ,0.1493543399406302,0.1,0.0004532786112137366
2025-06-10,JPM,0.11415318911302266,0.1,0.0
2025-06-10,META,0.0,0.1,0.08532782279585334
2025-06-10,MSFT,0.0,0.1,0.0
2025-06-10,NVDA,0.09642087275327564,0.1,0.19514012088545718
2025-06-10,TSLA,0.00877193100128436,0.1,0.0
2025-06-10,V,0.0,0.1,0.08603650037751055
2025-06-11,AAPL,0.17654651288194423,0.1,0.06613146610359903
2025-06-11,AMZN,0.14690370753185325,0.1,0.3181532918897315
2025-06-11,GOOGL,0.20715929549396098,0.1,0.1907352481899276
2025-06-11,JNJ,0.26808225104828215,0.1,0.01734985648378734
2025-06-11,JPM,0.039077939857028725,0.1,0.0
2025-06-11,META,0.0,0.1,0.18176142524024042
2025-06-11,MSFT,0.0,0.1,0.05526616756488401
2025-06-11,NVDA,0.08355247546703956,0.1,0.16985714250944606
2025-06-11,TSLA,0.07867781771989107,0.1,0.00010201440364205346
2025-06-11,V,0.0,0.1,0.0006433876147419274
2025-06-12,AAPL,0.2417934278509058,0.1,0.0
2025-06-12,AMZN,0.22175607931924804,0.1,0.0
2025-06-12,GOOGL,0.19972957294451674,0.1,0.0
2025-06-12,JNJ,0.19625094825681852,0.1,0.38141809656739484
2025-06-12,JPM,0.03194460312338587,0.1,0.0
2025-06-12,META,0.0,0.1,0.0
2025-06-12,MSFT,0.0,0.1,0.3173599950992524
2025-06-12,NVDA,0.10852536850512487,0.1,0.1215260329732223
2025-06-12,TSLA,0.0,0.1,0.0
2025-06-12,V,0.0,0.1,0.17969587536013068
2025-06-13,AAPL,0.26178358346194464,0.1,0.0
2025-06-13,AMZN,0.20363743799687864,0.1,0.0
2025-06-13,GOOGL,0.1580215880257973,0.1,0.0
2025-06-13,JNJ,0.23161525733514046,0.1,0.1920990933215137
2025-06-13,JPM,0.04172233592469594,0.1,0.0
2025-06-13,META,0.0,0.1,0.0
2025-06-13,MSFT,0.0,0.1,0.5298395614800627
2025-06-13,NVDA,0.10321979725554306,0.1,0.2470478630675976
2025-06-13,TSLA,0.0,0.1,0.0
2025-06-13,V,0.0,0.1,0.03101348213082592
2025-06-16,AAPL,0.19657702183716258,0.1,0.0
2025-06-16,AMZN,0.1720283627141142,0.1,0.0
2025-06-16,GOOGL,0.2381195842240486,0.1,0.0
2025-06-16,JNJ,0.2640720802424803,0.1,0.0
2025-06-16,JPM,0.007459485150621272,0.1,0.0
2025-06-16,META,0.0,0.1,0.0
2025-06-16,MSFT,0.0,0.1,0.0
2025-06-16,NVDA,0.12174346583157296,0.1,0.0
2025-06-16,TSLA,0.0,0.1,0.0
2025-06-16,V,0.0,0.1,0.0
2025-06-17,AAPL,0.2163955813558284,0.1,0.0
2025-06-17,AMZN,0.17879034595718934,0.1,0.0
2025-06-17,GOOGL,0.20843331171271726,0.1,0.0
2025-06-17,JNJ,0.186176870289915,0.1,0.0
2025-06-17,JPM,0.1025798343257936,0.1,0.0
2025-06-17,META,0.0,0.1,0.0
2025-06-17,MSFT,0.0,0.1,0.0
2025-06-17,NVDA,0.10762405635855643,0.1,0.0
2025-06-17,TSLA,0.0,0.1,0.0
2025-06-17,V,0.0,0.1,0.0
2025-06-18,AAPL,0.1303566655316568,0.1,0.0
2025-06-18,AMZN,0.17304401365763294,0.1,0.0
2025-06-18,GOOGL,0.22682381258848672,0.1,0.0
2025-06-18,JNJ,0.2699299936352714,0.1,0.0
2025-06-18,JPM,0.08758991005039175,0.1,0.0
2025-06-18,META,0.0,0.1,0.0
2025-06-18,MSFT,0.0,0.1,0.0
2025-06-18,NVDA,0.11225560453656036,0.1,0.0
2025-06-18,TSLA,0.0,0.1,0.0
2025-06-18,V,0.0,0.1,0.0
2025-06-20,AAPL,0.17245556936471715,0.1,0.0
2025-06-20,AMZN,0.14127306599889658,0.1,0.0
2025-06-20,GOOGL,0.1553499929954497,0.1,0.0
2025-06-20,JNJ,0.3593620661152062,0.1,0.0
2025-06-20,JPM,0.0893253632291391,0.1,0.0
2025-06-20,META,0.0,0.1,0.0
2025-06-20,MSFT,0.0,0.1,0.0
2025-06-20,NVDA,0.08223394229659114,0.1,0.0
2025-06-20,TSLA,0.0,0.1,0.0
2025-06-20,V,0.0,0.1,0.0
2025-06-23,AAPL,0.13135998847507593,0.1,0.0
2025-06-23,AMZN,0.1156861852443391,0.1,0.0
2025-06-23,GOOGL,0.16028972649143308,0.1,0.0
2025-06-23,JNJ,0.4602332451552188,0.1,0.0
2025-06-23,JPM,0.04793422880597997,0.1,0.0
2025-06-23,META,0.0,0.1,0.0
2025-06-23,MSFT,0.0,0.1,0.0
2025-06-23,NVDA,0.06415551605596324,0.1,0.0
2025-06-23,TSLA,0.0,0.1,0.0
2025-06-23,V,0.02034110977198976,0.1,0.0
2025-06-24,AAPL,0.16626909551125454,0.1,0.0
2025-06-24,AMZN,0.13358142267891096,0.1,0.0
2025-06-24,GOOGL,0.31395187803023267,0.1,0.0
2025-06-24,JNJ,0.2978132493798057,0.1,0.0
2025-06-24,JPM,0.0,0.1,0.0
2025-06-24,META,0.0,0.1,0.0
2025-06-24,MSFT,0.0,0.1,0.0
2025-06-24,NVDA,0.08838435439979597,0.1,0.0
2025-06-24,TSLA,0.0,0.1,0.0
2025-06-24,V,0.0,0.1,0.0
2025-06-25,AAPL,0.14873378467290785,0.1,0.0
2025-06-25,AMZN,0.14215970313627088,0.1,0.0
2025-06-25,GOOGL,0.23677828205995533,0.1,0.0
2025-06-25,JNJ,0.29018721027663147,0.1,0.0
2025-06-25,JPM,0.000665653337139592,0.1,0.0
2025-06-25,META,0.0,0.1,0.0
2025-06-25,MSFT,0.0,0.1,0.0
2025-06-25,NVDA,0.08823273417862187,0.1,0.0
2025-06-25,TSLA,0.0,0.1,0.0
2025-06-25,V,0.09324263233847312,0.1,0.0
2025-06-26,AAPL,0.2188158247060625,0.1,0.0
2025-06-26,AMZN,0.128953334794524,0.1,0.0
2025-06-26,GOOGL,0.26614074147449646,0.1,0.0
2025-06-26,JNJ,0.22217565628093386,0.1,0.0
2025-06-26,JPM,0.03218447689670097,0.1,0.0
2025-06-26,META,0.0,0.1,0.0
2025-06-26,MSFT,0.0,0.1,0.0
2025-06-26,NVDA,0.1317299658472823,0.1,0.0
2025-06-26,TSLA,0.0,0.1,0.0
2025-06-26,V,0.0,0.1,0.0
2025-06-27,AAPL,0.2104701211656833,0.1,0.0
2025-06-27,AMZN,0.19197116059634106,0.1,0.0
2025-06-27,GOOGL,0.232816132922659,0.1,0.0
2025-06-27,JNJ,0.1770613312056754,0.1,0.0
2025-06-27,JPM,0.06366656513591863,0.1,0.0
2025-06-27,META,0.0,0.1,0.0
2025-06-27,MSFT,0.0,0.1,0.0
2025-06-27,NVDA,0.12401468897372259,0.1,0.0
2025-06-27,TSLA,0.0,0.1,0.0
2025-06-27,V,0.0,0.1,0.0
2025-06-30,AAPL,0.18706132323090144,0.1,0.0
2025-06-30,AMZN,0.1746930841785453,0.1,0.0
2025-06-30,GOOGL,0.18064244748892555,0.1,0.0
2025-06-30,JNJ,0.25752667759961845,0.1,0.0
2025-06-30,JPM,0.11421808874146991,0.1,0.0
2025-06-30,META,0.0,0.1,0.0
2025-06-30,MSFT,0.0,0.1,0.0
2025-06-30,NVDA,0.08585837876053949,0.1,0.0
2025-06-30,TSLA,0.0,0.1,0.0
2025-06-30,V,0.0,0.1,0.0
2025-07-01,AAPL,0.22804975215142542,0.1,0.0
2025-07-01,AMZN,0.16560638775515135,0.1,0.0
2025-07-01,GOOGL,0.19417147824642772,0.1,0.0
2025-07-01,JNJ,0.2768229195353517,0.1,0.0
2025-07-01,JPM,0.028330755290357463,0.1,0.0
2025-07-01,META,0.0,0.1,0.0
2025-07-01,MSFT,0.0,0.1,0.0
2025-07-01,NVDA,0.10701870702128634,0.1,0.0
2025-07-01,TSLA,0.0,0.1,0.0
2025-07-01,V,0.0,0.1,0.0
2025-07-02,AAPL,0.23176713069754734,0.1,0.08123854459978067
2025-07-02,AMZN,0.13603056227052052,0.1,0.12360238803338423
2025-07-02,GOOGL,0.15892577651617676,0.1,0.13884915575625406
2025-07-02,JNJ,0.36277042719273417,0.1,0.139776784254846
2025-07-02,JPM,0.0,0.1,0.0
2025-07-02,META,0.0,0.1,0.08421522677802139
2025-07-02,MSFT,0.0,0.1,0.05314375197606835
2025-07-02,NVDA,0.11050610332302117,0.1,0.25544759020559477
2025-07-02,TSLA,0.0,0.1,0.0
2025-07-02,V,0.0,0.1,0.12372655839605044
2025-07-03,AAPL,0.3346994561397648,0.1,0.1308939021289896
2025-07-03,AMZN,0.1781958265879689,0.1,0.11084430337566732
2025-07-03,GOOGL,0.19271610192539504,0.1,0.02826690129098788
2025-07-03,JNJ,0.13237556101525275,0.1,0.0
2025-07-03,JPM,0.0,0.1,0.25340075230653164
2025-07-03,META,0.0,0.1,0.004192220052423531
2025-07-03,MSFT,0.0,0.1,0.21983844615912407
2025-07-03,NVDA,0.11590171328335097,0.1,0.2510857025402068
2025-07-03,TSLA,0.046111341048267564,0.1,0.0
2025-07-03,V,0.0,0.1,0.001477772146069191
2025-07-07,AAPL,0.4045501686513348,0.1,0.0
2025-07-07,AMZN,0.2285015808525922,0.1,0.4273419096878301
2025-07-07,GOOGL,0.2371542258654441,0.1,0.57265809031217
2025-07-07,JNJ,0.0,0.1,0.0
2025-07-07,JPM,0.0,0.1,0.0
2025-07-07,META,0.0,0.1,0.0
2025-07-07,MSFT,0.0,0.1,0.0
2025-07-07,NVDA,0.12979402463062908,0.1,0.0
2025-07-07,TSLA,0.0,0.1,0.0
2025-07-07,V,0.0,0.1,0.0
2025-07-08,AAPL,0.2875331708776073,0.1,0.22814125149904252
2025-07-08,AMZN,0.21757634816795463,0.1,0.009066797877312354
2025-07-08,GOOGL,0.21456625136466498,0.1,0.0
2025-07-08,JNJ,0.09328258797070393,0.1,0.26948698455188835
2025-07-08,JPM,0.06260287231423382,0.1,0.007799858537053884
2025-07-08,META,0.0,0.1,0.19232290894228768
2025-07-08,MSFT,0.0,0.1,0.12565095587706804
2025-07-08,NVDA,0.12443876930483531,0.1,0.1675312427153471
2025-07-08,TSLA,0.0,0.1,0.0
2025-07-08,V,0.0,0.1,0.0
2025-07-09,AAPL,0.24219425093349647,0.1,0.0
2025-07-09,AMZN,0.19314737294418172,0.1,0.1159747462540338
2025-07-09,GOOGL,0.2846469164057378,0.1,0.20388754577245777
2025-07-09,JNJ,0.10802622702090604,0.1,0.0
2025-07-09,JPM,0.0707281171914569,0.1,0.08011085957301396
2025-07-09,META,0.0,0.1,0.11257952258619995
2025-07-09,MSFT,0.0,0.1,0.0796578111312478
2025-07-09,NVDA,0.10125711550422115,0.1,0.40751730856570056
2025-07-09,TSLA,0.0,0.1,0.0
2025-07-09,V,0.0,0.1,0.00027220611734606997
2025-07-10,AAPL,0.27273039729120696,0.1,0.0
2025-07-10,AMZN,0.1803521183868215,0.1,0.08522697256450187
2025-07-10,GOOGL,0.2145107874025415,0.1,0.08476492684761922
2025-07-10,JNJ,0.209526539582828,0.1,0.023596096934631567
2025-07-10,JPM,0.036681977079129575,0.1,0.0
2025-07-10,META,0.0,0.1,0.052614371994752905
2025-07-10,MSFT,0.0,0.1,0.11642643958935953
2025-07-10,NVDA,0.08619818025747243,0.1,0.20495448856210388
2025-07-10,TSLA,0.0,0.1,0.42494682219252106
2025-07-10,V,0.0,0.1,0.007469881314509882
2025-07-11,AAPL,0.20581297999549963,0.1,0.05658207064467144
2025-07-11,AMZN,0.1441430096141808,0.1,0.20568430840369695
2025-07-11,GOOGL,0.18797215115127336,0.1,0.46750953642718024
2025-07-11,JNJ,0.2553398783717658,0.1,0.0316141665043037
2025-07-11,JPM,0.10325980249405939,0.1,0.0
2025-07-11,META,0.0,0.1,0.0
2025-07-11,MSFT,0.0,0.1,0.13583396239996026
2025-07-11,NVDA,0.10347217837322102,0.1,0.10277595562018761
2025-07-11,TSLA,0.0,0.1,0.0
2025-07-11,V,0.0,0.1,0.0
2025-07-14,AAPL,0.2013302381249916,0.1,0.07845691931023804
2025-07-14,AMZN,0.19807227958829599,0.1,0.03606873171594976
2025-07-14,GOOGL,0.12431905343699753,0.1,0.0
2025-07-14,JNJ,0.3426008544635559,0.1,0.0
2025-07-14,JPM,0.0,0.1,0.11916589294806679
2025-07-14,META,0.0,0.1,0.0
2025-07-14,MSFT,0.0,0.1,0.5011739939907017
2025-07-14,NVDA,0.12939553113624436,0.1,0.26497687159843397
2025-07-14,TSLA,0.004282043249914615,0.1,0.0
2025-07-14,V,0.0,0.1,0.00015759043660970874
2025-07-15,AAPL,0.1762099318654576,0.1,0.11933425336412135
2025-07-15,AMZN,0.1686129520875453,0.1,0.039243229963958445
2025-07-15,GOOGL,0.16349206390019302,0.1,0.0006187057915611193
2025-07-15,JNJ,0.3834773311556399,0.1,0.296555827233892
2025-07-15,JPM,0.0,0.1,0.12717812875967285
2025-07-15,META,0.0,0.1,0.11931008581967047
2025-07-15,MSFT,0.0,0.1,0.013637918374100373
2025-07-15,NVDA,0.10820772099116417,0.1,0.2554408202002489
2025-07-15,TSLA,0.0,0.1,0.0
2025-07-15,V,0.0,0.1,0.028681030492774318
2025-07-16,AAPL,0.29794610867450394,0.1,0.14030268486470904
2025-07-16,AMZN,0.19015975306918986,0.1,0.0
2025-07-16,GOOGL,0.20935863000038044,0.1,0.25718792960121334
2025-07-16,JNJ,0.17729067669288573,0.1,0.16251536927473023
2025-07-16,JPM,0.06639464423239494,0.1,0.273931993478901
2025-07-16,META,0.0,0.1,0.0
2025-07-16,MSFT,0.0,0.1,0.0167825994361699
2025-07-16,NVDA,0.05885018733064507,0.1,0.1492794233442764
2025-07-16,TSLA,0.0,0.1,0.0
2025-07-16,V,0.0,0.1,0.0
2025-07-17,AAPL,0.2891777854144132,0.1,0.11764762767127238
2025-07-17,AMZN,0.1513117583120771,0.1,0.04544542925348387
2025-07-17,GOOGL,0.1941397821940172,0.1,0.13647532754626684
2025-07-17,JNJ,0.23284627398247584,0.1,0.0699172240030524
2025-07-17,JPM,0.0,0.1,0.08393953547874534
2025-07-17,META,0.0,0.1,0.011810283483466813
2025-07-17,MSFT,0.0,0.1,0.272985482698514
2025-07-17,NVDA,0.13252440009701658,0.1,0.05049810160731812
2025-07-17,TSLA,0.0,0.1,0.0
2025-07-17,V,0.0,0.1,0.2112809882578802
2025-07-18,AAPL,0.20469377773835015,0.1,0.0
2025-07-18,AMZN,0.13991854103199158,0.1,0.1319658033354935
2025-07-18,GOOGL,0.15357634935915257,0.1,0.0006166060472251868
2025-07-18,JNJ,0.4012843682483207,0.1,0.17329921625155212
2025-07-18,JPM,0.0,0.1,0.08510944147801308
2025-07-18,META,0.0,0.1,0.0
2025-07-18,MSFT,0.0,0.1,0.2672764533270625
2025-07-18,NVDA,0.10052696362218491,0.1,0.24996173138794778
2025-07-18,TSLA,0.0,0.1,0.08788530027282851
2025-07-18,V,0.0,0.1,0.003885447899877446
2025-07-21,AAPL,0.2862950068584405,0.1,0.10453978434830688
2025-07-21,AMZN,0.18647997356271764,0.1,0.0
2025-07-21,GOOGL,0.22216920987001812,0.1,0.0
2025-07-21,JNJ,0.10205991134312667,0.1,0.1075421918594671
2025-07-21,JPM,0.08559268538316239,0.1,0.4170177748473414
2025-07-21,META,0.0,0.1,0.20546251387041084
2025-07-21,MSFT,0.0,0.1,0.0
2025-07-21,NVDA,0.11740321298253467,0.1,0.09846285358316144
2025-07-21,TSLA,0.0,0.1,0.0
2025-07-21,V,0.0,0.1,0.06697488149131227
2025-07-22,AAPL,0.24399247083407405,0.1,0.17660007954110563
2025-07-22,AMZN,0.24445758410975205,0.1,0.23187374727593746
2025-07-22,GOOGL,0.2863675717471036,0.1,0.19820155396851383
2025-07-22,JNJ,0.09416999927266584,0.1,0.0653276939258622
2025-07-22,JPM,0.0,0.1,0.0
2025-07-22,META,0.0,0.1,0.07352253977940873
2025-07-22,MSFT,0.0,0.1,0.027595860688582722
2025-07-22,NVDA,0.1310123740364044,0.1,0.1737729368075135
2025-07-22,TSLA,0.0,0.1,0.0
2025-07-22,V,0.0,0.1,0.05310558801307589
2025-07-23,AAPL,0.22915147926410565,0.1,0.032306118738523196
2025-07-23,AMZN,0.1978289456431747,0.1,0.18344306909864608
2025-07-23,GOOGL,0.27847754243129286,0.1,0.36798736743387356
2025-07-23,JNJ,0.15253375347996082,0.1,0.20136805399541158
2025-07-23,JPM,0.0,0.1,0.0083596257400908
2025-07-23,META,0.0,0.1,0.0
2025-07-23,MSFT,0.0,0.1,0.0
2025-07-23,NVDA,0.14200827918146613,0.1,0.20653576499345477
2025-07-23,TSLA,0.0,0.1,0.0
2025-07-23,V,0.0,0.1,0.0
2025-07-24,AAPL,0.2184630385296446,0.1,0.0
2025-07-24,AMZN,0.16710046665386785,0.1,0.1911104790696933
2025-07-24,GOOGL,0.2613113735015596,0.1,0.20463745047882584
2025-07-24,JNJ,0.24701907805371467,0.1,0.0
2025-07-24,JPM,0.0,0.1,0.1433200719397294
2025-07-24,META,0.0,0.1,0.19028190060752553
2025-07-24,MSFT,0.0,0.1,0.0
2025-07-24,NVDA,0.10610604326121335,0.1,0.0
2025-07-24,TSLA,0.0,0.1,0.0
2025-07-24,V,0.0,0.1,0.2706500979042259
2025-07-25,AAPL,0.33123680697808283,0.1,0.0
2025-07-25,AMZN,0.19028836054898973,0.1,0.05108364390667377
2025-07-25,GOOGL,0.29997537243089123,0.1,0.3049544627280653
2025-07-25,JNJ,0.046693581105826554,0.1,0.0
2025-07-25,JPM,0.0,0.1,0.1320518784725602
2025-07-25,META,0.0,0.1,0.22270478113064585
2025-07-25,MSFT,0.0,0.1,0.07600527002115655
2025-07-25,NVDA,0.1318058789362097,0.1,0.13215555712751276
2025-07-25,TSLA,0.0,0.1,0.0
2025-07-25,V,0.0,0.1,0.08104440661338565
2025-07-28,AAPL,0.23533275447957533,0.1,0.08546891433911749
2025-07-28,AMZN,0.24612207546495687,0.1,0.0
2025-07-28,GOOGL,0.2711118872062571,0.1,0.36153630806367715
2025-07-28,JNJ,0.09586425175074031,0.1,0.1813757460040314
2025-07-28,JPM,0.0,0.1,0.07227792332394975
2025-07-28,META,0.0,0.1,0.05245546993778241
2025-07-28,MSFT,0.0,0.1,0.0428017060140136
2025-07-28,NVDA,0.09984868391221027,0.1,0.0
2025-07-28,TSLA,0.051720347186260264,0.1,0.13473812816057024
2025-07-28,V,0.0,0.1,0.06934580415685809
2025-07-29,AAPL,0.2198333821270386,0.1,0.0
2025-07-29,AMZN,0.1921383429605801,0.1,0.07951093932933184
2025-07-29,GOOGL,0.245551650583529,0.1,0.0671915952880115
2025-07-29,JNJ,0.23158470278135426,0.1,0.19250892083187116
2025-07-29,JPM,0.0,0.1,0.0
2025-07-29,META,0.0,0.1,0.3358568631842627
2025-07-29,MSFT,0.0,0.1,0.0
2025-07-29,NVDA,0.11089192154749812,0.1,0.14740933067437387
2025-07-29,TSLA,0.0,0.1,0.0
2025-07-29,V,0.0,0.1,0.1775223506921488
2025-07-30,AAPL,0.32154944153805676,0.1,0.0
2025-07-30,AMZN,0.21295593447829006,0.1,0.18614537833201183
2025-07-30,GOOGL,0.19946228965511498,0.1,0.05492609840233004
2025-07-30,JNJ,0.1448001020006708,0.1,0.11859038393200717
2025-07-30,JPM,0.0,0.1,0.0
2025-07-30,META,0.0,0.1,0.20541456194712024
2025-07-30,MSFT,0.0,0.1,0.12800218660551035
2025-07-30,NVDA,0.12123223232786734,0.1,0.234508561857655
2025-07-30,TSLA,0.0,0.1,8.870378592813893e-06
2025-07-30,V,0.0,0.1,0.07240395854477269
2025-07-31,AAPL,0.3148864895832855,0.1,0.08089239288015344
2025-07-31,AMZN,0.23011798875945047,0.1,0.12614791509001416
2025-07-31,GOOGL,0.18530000677676223,0.1,0.028655174439973344
2025-07-31,JNJ,0.037932444561328466,0.1,0.11412129271211627
2025-07-31,JPM,0.021661506486174324,0.1,0.11414875392620434
2025-07-31,META,0.0,0.1,0.17436143483502917
2025-07-31,MSFT,0.0,0.1,0.18420852416438793
2025-07-31,NVDA,0.09771599508283955,0.1,0.0
2025-07-31,TSLA,0.0,0.1,0.08554796584099539
2025-07-31,V,0.1123855687501595,0.1,0.0919165461111259
2025-08-01,AAPL,0.2730969348464946,0.1,0.16232060549402794
2025-08-01,AMZN,0.21038830789506222,0.1,0.0
2025-08-01,GOOGL,0.17792541703396414,0.1,0.17539151062922106
2025-08-01,JNJ,0.18879319592010568,0.1,0.03116687628895752
2025-08-01,JPM,0.05490859129919057,0.1,0.0
2025-08-01,META,0.0,0.1,0.25970798247190946
2025-08-01,MSFT,0.0,0.1,0.11083916075437752
2025-08-01,NVDA,0.0948875530051828,0.1,0.255841997913177
2025-08-01,TSLA,0.0,0.1,0.0
2025-08-01,V,0.0,0.1,0.0047318664483293645
2025-08-04,AAPL,0.3259621410239783,0.1,0.0
2025-08-04,AMZN,0.0,0.1,0.0
2025-08-04,GOOGL,0.1780519341602909,0.1,0.0
2025-08-04,JNJ,0.2756986745037774,0.1,0.20137788578175336
2025-08-04,JPM,0.04176723218389165,0.1,0.00020513623816961445
2025-08-04,META,0.08766572821395889,0.1,0.0
2025-08-04,MSFT,0.0,0.1,0.0
2025-08-04,NVDA,0.09085428991410291,0.1,0.4708019590001029
2025-08-04,TSLA,0.0,0.1,0.0
2025-08-04,V,0.0,0.1,0.3276150189799742
2025-08-05,AAPL,0.24955508894800188,0.1,0.15221754108447355
2025-08-05,AMZN,0.30676448870263007,0.1,0.0
2025-08-05,GOOGL,0.1274838020419805,0.1,0.13450982204967873
2025-08-05,JNJ,0.255763034287063,0.1,0.008533209930610386
2025-08-05,JPM,0.0,0.1,0.0045101324526608914
2025-08-05,META,0.0,0.1,0.1900950410789346
2025-08-05,MSFT,0.0,0.1,0.20665615092211018
2025-08-05,NVDA,0.06043358602032462,0.1,0.0
2025-08-05,TSLA,0.0,0.1,0.0
2025-08-05,V,0.0,0.1,0.3034781024815316
2025-08-06,AAPL,0.15020229231318474,0.1,0.18134046924079286
2025-08-06,AMZN,0.3375959332742475,0.1,0.1225683045670959
2025-08-06,GOOGL,0.17461244065200518,0.1,0.04399542370556519
2025-08-06,JNJ,0.2395007150348362,0.1,0.05181490675751101
2025-08-06,JPM,0.0,0.1,0.0
2025-08-06,META,0.0,0.1,0.18942071020444612
2025-08-06,MSFT,0.0,0.1,0.12137610621994169
2025-08-06,NVDA,0.09808861872572645,0.1,0.14427240671682703
2025-08-06,TSLA,0.0,0.1,0.0
2025-08-06,V,0.0,0.1,0.1452116725878202
2025-08-07,AAPL,0.20370671617997055,0.1,0.07899697822109017
2025-08-07,AMZN,0.3315554176385277,0.1,0.1674760559620237
2025-08-07,GOOGL,0.17395227790625092,0.1,0.0
2025-08-07,JNJ,0.18114114025016298,0.1,0.06064613707438724
2025-08-07,JPM,0.0,0.1,0.012115606372873964
2025-08-07,META,0.0,0.1,0.0917660759432285
2025-08-07,MSFT,0.0,0.1,0.37453406644128084
2025-08-07,NVDA,0.10964444802508778,0.1,0.18063821837378954
2025-08-07,TSLA,0.0,0.1,0.0
2025-08-07,V,0.0,0.1,0.03382686161132607
2025-08-08,AAPL,0.5051334998292598,0.1,0.0018055372644748013
2025-08-08,AMZN,0.16980868409988922,0.1,0.19648508748654078
2025-08-08,GOOGL,0.10919581455855712,0.1,0.0
2025-08-08,JNJ,0.14522858386939866,0.1,0.006258769533581599
2025-08-08,JPM,0.0,0.1,0.08968860507874417
2025-08-08,META,0.0,0.1,0.0
2025-08-08,MSFT,0.0,0.1,0.21277173434086327
2025-08-08,NVDA,0.07063341764289506,0.1,0.4926545947740488
2025-08-08,TSLA,0.0,0.1,0.0
2025-08-08,V,0.0,0.1,0.0003356715217468141
2025-08-11,AAPL,0.49674605306624736,0.1,0.0
2025-08-11,AMZN,0.11777268992791129,0.1,0.17681767740406354
2025-08-11,GOOGL,0.16866232899617667,0.1,0.24591499175527692
2025-08-11,JNJ,0.1419427833358582,0.1,0.13855836345286818
2025-08-11,JPM,0.0,0.1,0.0220914293845184
2025-08-11,META,0.0,0.1,0.0
2025-08-11,MSFT,0.0,0.1,0.35480404263777526
2025-08-11,NVDA,0.07487614467380659,0.1,0.06181349536549781
2025-08-11,TSLA,0.0,0.1,0.0
2025-08-11,V,0.0,0.1,0.0
2025-08-12,AAPL,0.38538270076038955,0.1,0.0
2025-08-12,AMZN,0.15176711667331846,0.1,0.2540809199544547
2025-08-12,GOOGL,0.21969968101664156,0.1,0.1840506007525559
2025-08-12,JNJ,0.14640277517649775,0.1,0.35775354896245953
2025-08-12,JPM,0.0,0.1,0.0
2025-08-12,META,0.0,0.1,0.0
2025-08-12,MSFT,0.0,0.1,0.0
2025-08-12,NVDA,0.09674772637315256,0.1,0.0
2025-08-12,TSLA,0.0,0.1,0.0
2025-08-12,V,0.0,0.1,0.20411493033052988
2025-08-13,AAPL,0.23015863965917943,0.1,0.24951070601683667
2025-08-13,AMZN,0.21631366738414962,0.1,0.018717740951681765
2025-08-13,GOOGL,0.21818950062551673,0.1,0.0
2025-08-13,JNJ,0.11880883660529543,0.1,0.0
2025-08-13,JPM,0.1194692440871481,0.1,0.07238765998230962
2025-08-13,META,0.0,0.1,0.26186422983194313
2025-08-13,MSFT,0.0,0.1,0.035215584667186495
2025-08-13,NVDA,0.09706011163871082,0.1,0.0
2025-08-13,TSLA,0.0,0.1,0.36229184356390026
2025-08-13,V,0.0,0.1,1.2234986142107594e-05
2025-08-14,AAPL,0.3040575625990599,0.1,0.009517225386013302
2025-08-14,AMZN,0.2542302672664275,0.1,0.024830758164230252
2025-08-14,GOOGL,0.26235633575936973,0.1,0.04577018273110618
2025-08-14,JNJ,0.027926475281656517,0.1,0.3353358509725563
2025-08-14,JPM,0.056068381583294274,0.1,0.3913505878353544
2025-08-14,META,0.0,0.1,0.027562391064965892
2025-08-14,MSFT,0.0,0.1,0.03472803574065996
2025-08-14,NVDA,0.09536097751019199,0.1,0.12798170341545273
2025-08-14,TSLA,0.0,0.1,0.0016540323012891732
2025-08-14,V,0.0,0.1,0.001269232388371915
2025-08-15,AAPL,0.26739896542792596,0.1,0.01532885047647118
2025-08-15,AMZN,0.2501688030870781,0.1,0.09977481839931603
2025-08-15,GOOGL,0.17585753756625783,0.1,0.0
2025-08-15,JNJ,0.13817216933083432,0.1,0.23075248802512632
2025-08-15,JPM,0.0,0.1,0.0
2025-08-15,META,0.0,0.1,0.0
2025-08-15,MSFT,0.0,0.1,0.6104815235970891
2025-08-15,NVDA,0.09170187103159717,0.1,0.011462614242215872
2025-08-15,TSLA,0.0,0.1,0.0
2025-08-15,V,0.07670065355630651,0.1,0.032199705259781525
2025-08-18,AAPL,0.28698937043147515,0.1,0.3644701040839342
2025-08-18,AMZN,0.24890722357774356,0.1,0.0
2025-08-18,GOOGL,0.20960189410979313,0.1,0.0
2025-08-18,JNJ,0.1670626319013933,0.1,0.0
2025-08-18,JPM,0.0,0.1,0.00010554217654958418
2025-08-18,META,0.0,0.1,0.0017471240817189227
2025-08-18,MSFT,0.0,0.1,0.250410564962057
2025-08-18,NVDA,0.08743887997959485,0.1,0.28908878010335987
2025-08-18,TSLA,0.0,0.1,0.0
2025-08-18,V,0.0,0.1,0.09417788459238054
2025-08-19,AAPL,0.26185891762324826,0.1,0.3596734812185522
2025-08-19,AMZN,0.1925132555601649,0.1,0.0004421917760132555
2025-08-19,GOOGL,0.16452388845176005,0.1,0.3503087189874084
2025-08-19,JNJ,0.279089438696426,0.1,0.23967125539669457
2025-08-19,JPM,0.0,0.1,0.0
2025-08-19,META,0.0,0.1,0.0
2025-08-19,MSFT,0.0,0.1,0.009107970825687295
2025-08-19,NVDA,0.1020144996684006,0.1,0.0
2025-08-19,TSLA,0.0,0.1,0.010917515833371683
2025-08-19,V,0.0,0.1,0.029878865962272745
2025-08-20,AAPL,0.26570927939199945,0.1,0.0
2025-08-20,AMZN,0.18198172149332426,0.1,0.31501891600762283
2025-08-20,GOOGL,0.1754612893828506,0.1,0.15466446114249768
2025-08-20,JNJ,0.2869579197743434,0.1,0.0
2025-08-20,JPM,0.0,0.1,0.0
2025-08-20,META,0.0,0.1,0.07293913803536065
2025-08-20,MSFT,0.0,0.1,0.16173031790876322
2025-08-20,NVDA,0.08988978995748233,0.1,0.11977741070181881
2025-08-20,TSLA,0.0,0.1,0.0
2025-08-20,V,0.0,0.1,0.17586975620393686
2025-08-21,AAPL,0.16258983158313461,0.1,0.037193438777926045
2025-08-21,AMZN,0.2135542432182947,0.1,0.00013157538910054894
2025-08-21,GOOGL,0.1917588171888293,0.1,0.38714969500138463
2025-08-21,JNJ,0.3145719469875637,0.1,0.0
2025-08-21,JPM,0.005359856453551535,0.1,0.17275415527140903
2025-08-21,META,0.0,0.1,0.0
2025-08-21,MSFT,0.0,0.1,0.0
2025-08-21,NVDA,0.1121653045686262,0.1,0.0
2025-08-21,TSLA,0.0,0.1,0.0
2025-08-21,V,0.0,0.1,0.4027711355601797
2025-08-22,AAPL,0.16618456730339415,0.1,0.5574723787602277
2025-08-22,AMZN,0.27235668049616607,0.1,0.0
2025-08-22,GOOGL,0.15823567122013224,0.1,0.15787382800431912
2025-08-22,JNJ,0.30685923357776385,0.1,0.268423819530539
2025-08-22,JPM,0.0,0.1,0.0
2025-08-22,META,0.0,0.1,0.0
2025-08-22,MSFT,0.0,0.1,0.016229973704914108
2025-08-22,NVDA,0.09636384740254365,0.1,0.0
2025-08-22,TSLA,0.0,0.1,0.0
2025-08-22,V,0.0,0.1,0.0
2025-08-25,AAPL,0.12171096943629414,0.1,0.0
2025-08-25,AMZN,0.25957279030207037,0.1,0.29364140004209643
2025-08-25,GOOGL,0.19575431815466102,0.1,0.0552343025431318
2025-08-25,JNJ,0.286362609533181,0.1,0.12606602766686645
2025-08-25,JPM,0.03263332323820714,0.1,0.0
2025-08-25,META,0.0,0.1,0.0
2025-08-25,MSFT,0.0,0.1,0.24830969455849922
2025-08-25,NVDA,0.0809970168433843,0.1,0.17660824303000608
2025-08-25,TSLA,0.02296897249220213,0.1,0.0
2025-08-25,V,0.0,0.1,0.10014033215939994
2025-08-26,AAPL,0.18855464204472194,0.1,0.0
2025-08-26,AMZN,0.17222217475636495,0.1,0.0
2025-08-26,GOOGL,0.3190302361563759,0.1,0.0
2025-08-26,JNJ,0.08467755473675899,0.1,0.23700359600916382
2025-08-26,JPM,0.0,0.1,0.0
2025-08-26,META,0.0,0.1,0.5693166004677455
2025-08-26,MSFT,0.0,0.1,0.1936798035230907
2025-08-26,NVDA,0.07741851694674406,0.1,0.0
2025-08-26,TSLA,0.009071240888706568,0.1,0.0
2025-08-26,V,0.1490256344703277,0.1,0.0
2025-08-27,AAPL,0.23709117475780409,0.1,0.0
2025-08-27,AMZN,0.20393273738396883,0.1,0.1582485810624192
2025-08-27,GOOGL,0.1834789735308153,0.1,0.3927396772889704
2025-08-27,JNJ,0.27264157022848595,0.1,0.0
2025-08-27,JPM,0.0,0.1,0.1546363311213911
2025-08-27,META,0.0,0.1,0.019303488438752573
2025-08-27,MSFT,0.0,0.1,0.08850186379545297
2025-08-27,NVDA,0.10285554409892576,0.1,0.0
2025-08-27,TSLA,0.0,0.1,0.0
2025-08-27,V,0.0,0.1,0.18657005829301368
2025-08-28,AAPL,0.25121500001485486,0.1,0.25239009343036944
2025-08-28,AMZN,0.24519461941853996,0.1,0.2949709624286
2025-08-28,GOOGL,0.20839372850612445,0.1,0.12472165236752862
2025-08-28,JNJ,0.17695846153010672,0.1,0.00023390676672066212
2025-08-28,JPM,0.0,0.1,0.0
2025-08-28,META,0.0,0.1,0.19842119230449445
2025-08-28,MSFT,0.0,0.1,0.0
2025-08-28,NVDA,0.11823819053037402,0.1,0.0
2025-08-28,TSLA,0.0,0.1,0.0
2025-08-28,V,0.0,0.1,0.12926219270228698
2025-08-29,AAPL,0.22181328277764345,0.1,0.0
2025-08-29,AMZN,0.24506779239429358,0.1,0.42668005252682206
2025-08-29,GOOGL,0.24137958967737594,0.1,3.133339623141703e-05
2025-08-29,JNJ,0.1614366686370808,0.1,0.0
2025-08-29,JPM,0.015628760455592628,0.1,0.2259993949543759
2025-08-29,META,0.0,0.1,0.0
2025-08-29,MSFT,0.0,0.1,0.2626608490058462
2025-08-29,NVDA,0.11467390605801366,0.1,0.0
2025-08-29,TSLA,0.0,0.1,0.0
2025-08-29,V,0.0,0.1,0.08462837011672442
2025-09-02,AAPL,0.21625495060286606,0.1,0.0
2025-09-02,AMZN,0.20165681533677707,0.1,0.0
2025-09-02,GOOGL,0.22572515274138139,0.1,0.0
2025-09-02,JNJ,0.2551275467250449,0.1,0.0
2025-09-02,JPM,0.0030893235639721634,0.1,0.0
2025-09-02,META,0.0,0.1,0.0
2025-09-02,MSFT,0.0,0.1,0.0
2025-09-02,NVDA,0.09814621102995841,0.1,0.0
2025-09-02,TSLA,0.0,0.1,0.0
2025-09-02,V,0.0,0.1,0.0
2025-09-03,AAPL,0.1697364409301167,0.1,0.0
2025-09-03,AMZN,0.21524979435928218,0.1,0.0
2025-09-03,GOOGL,0.16977292413569303,0.1,0.0
2025-09-03,JNJ,0.32651102702105106,0.1,0.0
2025-09-03,JPM,0.0,0.1,0.0
2025-09-03,META,0.0,0.1,0.0
2025-09-03,MSFT,0.0,0.1,0.0
2025-09-03,NVDA,0.11872981355385706,0.1,0.0
2025-09-03,TSLA,0.0,0.1,0.0
2025-09-03,V,0.0,0.1,0.0
2025-09-04,AAPL,0.21382384928069523,0.1,0.0
2025-09-04,AMZN,0.20641152026132303,0.1,0.0
2025-09-04,GOOGL,0.22246288752742568,0.1,0.0
2025-09-04,JNJ,0.24082981322237268,0.1,0.0
2025-09-04,JPM,0.0,0.1,0.0
2025-09-04,META,0.0,0.1,0.0
2025-09-04,MSFT,0.0,0.1,0.0
2025-09-04,NVDA,0.11647192970818333,0.1,0.0
2025-09-04,TSLA,0.0,0.1,0.0
2025-09-04,V,0.0,0.1,0.0
2025-09-05,AAPL,0.18761181946527597,0.1,0.0
2025-09-05,AMZN,0.1327915659361798,0.1,0.0
2025-09-05,GOOGL,0.43079809455477935,0.1,0.0
2025-09-05,JNJ,0.19223394530578614,0.1,0.0
2025-09-05,JPM,0.0,0.1,0.0
2025-09-05,META,0.0,0.1,0.0
2025-09-05,MSFT,0.0,0.1,0.0
2025-09-05,NVDA,0.05656457473797875,0.1,0.0
2025-09-05,TSLA,0.0,0.1,0.0
2025-09-05,V,0.0,0.1,0.0
2025-09-08,AAPL,0.20386860394248213,0.1,0.12467300997521505
2025-09-08,AMZN,0.16800027111729432,0.1,0.004625336098572005
2025-09-08,GOOGL,0.2434198753289329,0.1,0.0
2025-09-08,JNJ,0.3283377103997991,0.1,0.005134776572569172
2025-09-08,JPM,0.0,0.1,0.02452125596852214
2025-09-08,META,0.0,0.1,0.06271931472134769
2025-09-08,MSFT,0.0,0.1,0.0
2025-09-08,NVDA,0.05637353921149164,0.1,0.3727226111661018
2025-09-08,TSLA,0.0,0.1,0.0
2025-09-08,V,0.0,0.1,0.405603695497672
2025-09-09,AAPL,0.22347717983337448,0.1,0.2112256892427293
2025-09-09,AMZN,0.18128216117351645,0.1,0.17458305985857273
2025-09-09,GOOGL,0.17540416470012574,0.1,0.0
2025-09-09,JNJ,0.27716487872464396,0.1,0.03504909153948613
2025-09-09,JPM,0.03805834502350623,0.1,0.0
2025-09-09,META,0.0,0.1,0.0
2025-09-09,MSFT,0.0,0.1,0.47877454922807094
2025-09-09,NVDA,0.10461327054483308,0.1,0.0
2025-09-09,TSLA,0.0,0.1,0.0
2025-09-09,V,0.0,0.1,0.10036761013114094
2025-09-10,AAPL,0.32613215431895143,0.1,0.0
2025-09-10,AMZN,0.2184813269426908,0.1,0.06445458342888963
2025-09-10,GOOGL,0.16688085742970915,0.1,0.07039377762276243
2025-09-10,JNJ,0.09349085704219957,0.1,0.10277963726807794
2025-09-10,JPM,0.08981609734904766,0.1,0.0
2025-09-10,META,0.0,0.1,0.009776744409043947
2025-09-10,MSFT,0.0,0.1,0.3645018415236344
2025-09-10,NVDA,0.10519870691740149,0.1,0.1898295138294395
2025-09-10,TSLA,0.0,0.1,0.001857112703238136
2025-09-10,V,0.0,0.1,0.19640678921491386
2025-09-11,AAPL,0.32007491725154125,0.1,0.0
2025-09-11,AMZN,0.1678722171871975,0.1,0.04273917444242412
2025-09-11,GOOGL,0.17353646515396576,0.1,0.05717826421353835
2025-09-11,JNJ,0.13818500612047493,0.1,0.0280554075463551
2025-09-11,JPM,0.11427960071953548,0.1,0.1288115439200456
2025-09-11,META,0.0,0.1,0.0
2025-09-11,MSFT,0.0,0.1,0.0334057887028756
2025-09-11,NVDA,0.08605179356728511,0.1,0.23065602347599362
2025-09-11,TSLA,0.0,0.1,0.3033366158951587
2025-09-11,V,0.0,0.1,0.17581718180360886
2025-09-12,AAPL,0.31557069648127734,0.1,0.08521398744292087
2025-09-12,AMZN,0.2363478595545914,0.1,0.14142300327825869
2025-09-12,GOOGL,0.13416532011173266,0.1,0.0
2025-09-12,JNJ,0.15107895406136862,0.1,0.16943923394687693
2025-09-12,JPM,0.06304369174986292,0.1,0.0
2025-09-12,META,0.0,0.1,0.0812324935861563
2025-09-12,MSFT,0.0,0.1,0.06470765243565586
2025-09-12,NVDA,0.09979347804116703,0.1,0.22476424311317073
2025-09-12,TSLA,0.0,0.1,0.20331115818021303
2025-09-12,V,0.0,0.1,0.029908228016747643
2025-09-15,AAPL,0.1714780941774549,0.1,0.1424773801106458
2025-09-15,AMZN,0.25182506739316257,0.1,0.0
2025-09-15,GOOGL,0.18153543107887032,0.1,0.1550287444464462
2025-09-15,JNJ,0.20373800409211212,0.1,0.170206491934121
2025-09-15,JPM,0.03679757125429938,0.1,0.15356966415789666
2025-09-15,META,0.0,0.1,0.0
2025-09-15,MSFT,0.0,0.1,0.13492676751032498
2025-09-15,NVDA,0.12867610505981736,0.1,0.0
2025-09-15,TSLA,0.025949726944283397,0.1,0.16626997867554844
2025-09-15,V,0.0,0.1,0.07752097316501703
2025-09-16,AAPL,0.24510436328054658,0.1,0.06562491660154647
2025-09-16,AMZN,0.34166829890994743,0.1,0.0
2025-09-16,GOOGL,0.20125043170491355,0.1,0.2396671862787684
2025-09-16,JNJ,0.0,0.1,0.33734295007930876
2025-09-16,JPM,0.0,0.1,0.04497488920615595
2025-09-16,META,0.0,0.1,0.0
2025-09-16,MSFT,0.0,0.1,0.162792768752308
2025-09-16,NVDA,0.1047806249894603,0.1,0.004478309605613365
2025-09-16,TSLA,0.10719628111513203,0.1,0.0
2025-09-16,V,0.0,0.1,0.14511897947629906
2025-09-17,AAPL,0.18747358847468665,0.1,0.2941410267699856
2025-09-17,AMZN,0.23761688390904392,0.1,0.03978879178967043
2025-09-17,GOOGL,0.3197031390465822,0.1,0.1755850752861897
2025-09-17,JNJ,0.10901800491085044,0.1,0.16926516823830534
2025-09-17,JPM,0.06377994786647288,0.1,0.06543945665518482
2025-09-17,META,0.0,0.1,0.06327746035195109
2025-09-17,MSFT,0.0,0.1,0.192503020908713
2025-09-17,NVDA,0.07708823416293312,0.1,0.0
2025-09-17,TSLA,0.005320201629430832,0.1,0.0
2025-09-17,V,0.0,0.1,0.0
2025-09-18,AAPL,0.24011182594100527,0.1,0.17228452012210013
2025-09-18,AMZN,0.24245973852516126,0.1,0.12910971976500418
2025-09-18,GOOGL,0.24859868716447292,0.1,0.14756858462203057
2025-09-18,JNJ,0.10068430944869888,0.1,0.0
2025-09-18,JPM,0.0,0.1,0.0
2025-09-18,META,0.0,0.1,0.07860778404083472
2025-09-18,MSFT,0.0,0.1,0.15335483343087444
2025-09-18,NVDA,0.15216110048368947,0.1,0.30497455963486386
2025-09-18,TSLA,0.0,0.1,0.0
2025-09-18,V,0.0159843384369723,0.1,0.014099998384292036
2025-09-19,AAPL,0.25404716960516677,0.1,0.19108550046683853
2025-09-19,AMZN,0.2632436477841935,0.1,0.11098948667621436
2025-09-19,GOOGL,0.16548838066637717,0.1,0.14827200407402438
2025-09-19,JNJ,0.1858251594928937,0.1,0.20008968305494138
2025-09-19,JPM,0.01784287707583573,0.1,0.10769585635875734
2025-09-19,META,0.0,0.1,0.034133484353464215
2025-09-19,MSFT,0.0,0.1,0.0736279735601091
2025-09-19,NVDA,0.11355276537553326,0.1,0.06064080819171955
2025-09-19,TSLA,0.0,0.1,0.038511384037904925
2025-09-19,V,0.0,0.1,0.034953819226025966
2025-09-22,AAPL,0.026279255684410207,0.1,0.2368731198547764
2025-09-22,AMZN,0.2412718789720242,0.1,0.05777894860372114
2025-09-22,GOOGL,0.16208990267549264,0.1,0.06558837274957444
2025-09-22,JNJ,0.34277926000684744,0.1,0.10535792300216104
2025-09-22,JPM,0.08060096332689086,0.1,0.06146541666994975
2025-09-22,META,0.0,0.1,0.0
2025-09-22,MSFT,0.0,0.1,0.061661262278375706
2025-09-22,NVDA,0.11006857161555733,0.1,0.027566980405935977
2025-09-22,TSLA,0.0,0.1,0.1647352234101864
2025-09-22,V,0.036910167718777205,0.1,0.218972753025319
2025-09-23,AAPL,0.28460174696055485,0.1,0.3227055644510313
2025-09-23,AMZN,0.25681895724412535,0.1,0.0
2025-09-23,GOOGL,0.179346801034714,0.1,0.0
2025-09-23,JNJ,0.15785839372024493,0.1,0.08499284308803969
2025-09-23,JPM,0.0,0.1,0.0
2025-09-23,META,0.0,0.1,0.0
2025-09-23,MSFT,0.0,0.1,0.12019081471780452
2025-09-23,NVDA,0.12137410104036081,0.1,0.44118218061826203
2025-09-23,TSLA,0.0,0.1,0.0
2025-09-23,V,0.0,0.1,0.03092859712486241
2025-09-24,AAPL,0.4833775667342283,0.1,0.051173222448685426
2025-09-24,AMZN,0.242267778106844,0.1,0.10654711326636891
2025-09-24,GOOGL,0.09316556374878716,0.1,0.16863062923928104
2025-09-24,JNJ,0.06746585103775668,0.1,0.08926627647491094
2025-09-24,JPM,0.0,0.1,0.0
2025-09-24,META,0.0,0.1,0.1332585655618013
2025-09-24,MSFT,0.0,0.1,0.10178683035995387
2025-09-24,NVDA,0.10039499621318622,0.1,0.06238719886788773
2025-09-24,TSLA,0.0,0.1,0.10399579495379546
2025-09-24,V,0.013328244159197667,0.1,0.18295436882731536
2025-09-25,AAPL,0.30485965740070486,0.1,0.0
2025-09-25,AMZN,0.2917679565640901,0.1,0.027794580835842544
2025-09-25,GOOGL,0.1397932124590136,0.1,0.0
2025-09-25,JNJ,0.05604262848280039,0.1,0.16938301857694196
2025-09-25,JPM,0.06040340103109888,0.1,0.011633331822405637
2025-09-25,META,0.0,0.1,0.04325137163858271
2025-09-25,MSFT,0.0,0.1,0.3541146702972006
2025-09-25,NVDA,0.14713314406229205,0.1,0.39382302682902653
2025-09-25,TSLA,0.0,0.1,0.0
2025-09-25,V,0.0,0.1,0.0
2025-09-26,AAPL,0.19448360079442886,0.1,0.3216750610596558
2025-09-26,AMZN,0.264261992006142,0.1,0.09969246177634314
2025-09-26,GOOGL,0.23721780131736786,0.1,0.0
2025-09-26,JNJ,0.15198447610373986,0.1,0.0
2025-09-26,JPM,0.0,0.1,0.0
2025-09-26,META,0.0,0.1,0.10301422821378878
2025-09-26,MSFT,0.0,0.1,0.18424535610010784
2025-09-26,NVDA,0.1520521297783215,0.1,0.2025360730028138
2025-09-26,TSLA,0.0,0.1,0.08883681984729062
2025-09-26,V,0.0,0.1,0.0
2025-09-29,AAPL,0.19372452169637283,0.1,0.0
2025-09-29,AMZN,0.24036347732315408,0.1,0.106983737443787
2025-09-29,GOOGL,0.11768281815377683,0.1,0.10372284212290243
2025-09-29,JNJ,0.23049562026844161,0.1,0.12903394752353747
2025-09-29,JPM,0.025642726967734803,0.1,0.12046230432607989
2025-09-29,META,0.0,0.1,0.0
2025-09-29,MSFT,0.0,0.1,0.31454256541422076
2025-09-29,NVDA,0.13629638677455197,0.1,0.12044830688549324
2025-09-29,TSLA,0.0,0.1,0.0
2025-09-29,V,0.05579444881596795,0.1,0.10480629628397924
2025-09-30,AAPL,0.09020078244319393,0.1,0.28665419122648567
2025-09-30,AMZN,0.3133090655648821,0.1,0.02722915391136914
2025-09-30,GOOGL,0.20167836747332424,0.1,0.02988852075801791
2025-09-30,JNJ,0.24062160579012914,0.1,0.06030301462396857
2025-09-30,JPM,0.0,0.1,0.059091353453879225
2025-09-30,META,0.0,0.1,0.09979035059353464
2025-09-30,MSFT,0.0,0.1,0.18502675809077027
2025-09-30,NVDA,0.15419017872847063,0.1,0.1914785827424837
2025-09-30,TSLA,0.0,0.1,0.0
2025-09-30,V,0.0,0.1,0.06053807459949082
2025-10-01,AAPL,0.0,0.1,0.0
2025-10-01,AMZN,0.22325663350487127,0.1,0.06373386272468669
2025-10-01,GOOGL,0.2348319910215252,0.1,0.1010135210064243
2025-10-01,JNJ,0.33730294778976305,0.1,0.2545302768618796
2025-10-01,JPM,0.06456272548173494,0.1,0.0
2025-10-01,META,0.0,0.1,0.1252632339352667
2025-10-01,MSFT,0.0,0.1,0.2271994915146985
2025-10-01,NVDA,0.14004570220210558,0.1,0.1828531218009273
2025-10-01,TSLA,0.0,0.1,0.035676999110653966
2025-10-01,V,0.0,0.1,0.009729493045462797
2025-10-02,AAPL,0.18478186251191508,0.1,0.05528276147893173
2025-10-02,AMZN,0.1981807777922582,0.1,0.15476440575002942
2025-10-02,GOOGL,0.14220103561043707,0.1,0.1163026830122684
2025-10-02,JNJ,0.34269409804939827,0.1,0.12072137806096293
2025-10-02,JPM,0.0,0.1,0.1604973613303516
2025-10-02,META,0.0,0.1,0.16390012177286806
2025-10-02,MSFT,0.0,0.1,0.03477619360856705
2025-10-02,NVDA,0.1321422260359914,0.1,0.19212418364342332
2025-10-02,TSLA,0.0,0.1,0.001630911342597328
2025-10-02,V,0.0,0.1,0.0
